,predicted,Real
0,1.729585249702569,0
1,1.1705342990526835,0
2,3.094061064078427,2
3,0.2292873345063997,0
4,1.8394947829257309,0
5,0.08771623813646223,0
6,0.992944440827641,0
7,0.40465356324860835,1
8,2.456810357913131,1
9,0.5074335325989641,0
10,2.135695855204386,1
11,0.5184908818096436,0
12,0.3839467278042352,0
13,2.2121233321396536,3
14,0.770575624189758,0
15,0.5342513073509352,0
16,1.149165517243774,0
17,1.7508349627348232,0
18,0.0030821114032113517,0
19,0.6990552585876089,2
20,2.565411477673905,1
21,0.5650248958181936,0
22,0.22988350477750652,0
23,1.0551538054382288,1
24,-0.041294800141213894,0
25,7.264986064047013,9
26,1.9399999389033318,0
27,3.3793500453972483,0
28,3.190880290745832,5
29,3.225635893272993,0
30,2.78641319456625,4
31,-0.015891619201942486,0
32,0.5283728283584683,1
33,1.6069164323686391,1
34,2.501943112832054,2
35,2.114146223501755,1
36,-0.042878667110426205,0
37,1.7681602328752288,0
38,0.28744601928874536,0
39,0.9191492479489999,2
40,3.139621657561677,6
41,0.5844326079992754,0
42,3.787123247134037,0
43,1.4463518076863986,0
44,1.036200426145881,1
45,1.5152194848005682,1
46,2.99325016840009,1
47,0.16161471942535388,0
48,1.6229783335537769,0
49,2.915662877459412,2
50,2.3325648723749324,0
51,0.5197524918952245,1
52,4.051781469475637,2
53,1.2575270741300928,1
54,2.5039263839522494,33
55,1.3526711627916868,3
56,0.8034236884905331,0
57,0.6153563465961225,0
58,3.029245217621833,2
59,3.142974870944821,0
60,5.205906351485204,0
61,2.7332014048391877,3
62,0.49673578107087657,0
63,2.094093268939829,0
64,1.2841739226372721,0
65,2.7122318151062426,1
66,0.1728062588246384,0
67,2.614779646587589,1
68,0.32150005630116074,0
69,0.793322534227969,0
70,1.061980750194785,0
71,1.779281160418133,0
72,0.6313569446041662,0
73,3.429101808560223,6
74,3.389069261559663,3
75,1.8451387757485955,14
76,0.041949222504615635,0
77,0.7378983696065491,0
78,0.7473092440167983,0
79,4.885761596264604,0
80,2.489169647059869,0
81,0.8833975772567576,0
82,2.878433368535379,0
83,2.566882713155349,6
84,2.1531053048315107,0
85,2.737931640553344,0
86,0.2861743897619129,0
87,2.544244395740719,0
88,11.342352922507802,1
89,1.0785597268868314,0
90,0.008207529973987215,0
91,0.31609924936466816,3
92,3.7045927019257077,16
93,1.8481580615707145,0
94,1.7501516485540216,1
95,0.43943251624831614,0
96,0.16509396614663374,0
97,0.6441715239745356,0
98,-0.011050303188382182,0
99,0.8504769294503511,0
100,0.2526721135172494,0
101,0.9027754244685746,0
102,2.2900717033395708,7
103,1.9602060222315507,1
104,1.8482724651643536,1
105,3.2154844498305835,0
106,0.5101699573854364,0
107,1.544874051643474,3
108,4.324621669655588,9
109,5.055733096766344,0
110,3.389069261559663,4
111,0.3916523310270146,0
112,-0.03676189823578291,0
113,0.702957313049545,1
114,1.2630787019922785,0
115,2.638665758728556,4
116,1.5344969216538655,1
117,2.9847251958357415,2
118,0.29264477533624134,0
119,3.55237132689538,1
120,3.4922779244524387,2
121,0.39628848839757547,0
122,0.6926766946684451,0
123,2.3881906031301856,0
124,0.03918404145924104,0
125,2.1971620293673717,1
126,1.2478462091585993,0
127,0.5940951328313753,0
128,2.509523144303178,3
129,2.002725338640592,3
130,1.16761782702732,0
131,3.053841235061376,4
132,0.6979165835495549,0
133,0.052630083200573496,0
134,1.0301410193302059,1
135,2.984601487874931,1
136,1.9300917932140724,1
137,0.14016079609518517,2
138,6.806344362387087,2
139,0.2580450219592323,0
140,2.1203068266533105,1
141,0.41233208771317464,0
142,3.2729657072661063,2
143,1.0100809641974857,0
144,2.4740075458751463,1
145,1.176134928016955,0
146,1.4874317710731517,1
147,2.2647934798859333,2
148,3.6852820708370007,1
149,1.3495496237691051,0
150,3.3980178032394766,6
151,3.439038097645134,0
152,0.6842960602345354,1
153,2.692888776663686,1
154,-0.014819273139828226,0
155,3.31649284701692,3
156,2.3751679857985666,3
157,1.522008568619628,0
158,1.933973998179029,6
159,1.9548037862386116,9
160,2.292803898685216,1
161,3.1644173585795166,12
162,2.7901335024352907,1
163,1.9050422077878728,0
164,1.9285167705084811,1
165,0.054569686325095956,1
166,3.4405545792276633,0
167,0.9489886352388588,1
168,0.6045611587902859,0
169,1.3439079335295565,0
170,4.29171398609507,4
171,0.49673578107087657,0
172,1.6492272747319443,0
173,1.9761040940093775,1
174,0.08647037307410033,0
175,4.211165756875486,0
176,0.9995003167525053,1
177,1.073179635963318,1
178,1.6983275911013538,2
179,-0.04217667736015729,0
180,1.9016550932387917,1
181,1.8017958437452126,1
182,1.0026982007614296,0
183,2.0791846993927003,3
184,1.6104144163277545,0
185,1.8437355347309465,0
186,1.3218407235426215,1
187,0.18799553960069648,0
188,2.4257285307917678,4
189,0.7851035130612942,0
190,2.1191536978428407,1
191,0.06292786317521148,0
192,1.5537656789670145,0
193,0.5558190807006105,0
194,2.131899224642737,1
195,9.701901462788598e-05,0
196,1.5646732587226946,1
197,1.4763874997956092,1
198,4.213161443982729,10
199,1.3182140893746435,0
200,0.8592908456471041,3
201,0.8806821207600807,0
202,2.470331821466069,2
203,1.9076345921376283,0
204,3.3155439287082094,13
205,2.227998584346682,1
206,5.302849102679785,0
207,0.3125809237620436,0
208,0.5878163411600954,2
209,2.1862395270862898,0
210,1.6372676533378407,1
211,0.766973147448492,0
212,0.6709047714976815,0
213,1.1724956569839708,0
214,2.646492025898255,6
215,0.28194076467857854,0
216,1.1537004988176085,1
217,1.947825171983216,1
218,0.3646061393142861,0
219,2.875365725708275,0
220,1.887982473739053,0
221,2.1413279746301686,1
222,2.3234077357525313,0
223,1.6870038498313806,1
224,0.3671290828168823,0
225,11.195976907963407,5
226,1.3938217731199172,1
227,0.3420871817255997,0
228,-0.0421618285535168,0
229,2.0982302614094555,1
230,1.3937974916984295,1
231,1.1148778700074948,0
232,2.2856326939083327,1
233,0.5098320599131014,1
234,3.2192842506735047,2
235,0.8131164799740348,0
236,0.46048769033609616,0
237,0.9492775076905816,2
238,-0.04109133994453895,0
239,0.4615399825108837,2
240,7.122371546947722,0
241,3.5824918633402123,1
242,0.8634565643240241,1
243,0.15307703301295805,0
244,0.8598405027218506,0
245,0.18095358956436258,0
246,2.0331646425302594,0
247,0.5215463932412889,3
248,4.273978704124451,10
249,0.8262115550928137,0
250,1.327795791330716,0
251,2.6423731947176554,8
252,0.2099748793182885,0
253,1.4018525228452892,0
254,0.045087488069671444,0
255,2.025159273661,2
256,1.0250900997596122,0
257,0.22516847988724176,0
258,1.9376248204304711,0
259,2.1341553139019425,2
260,1.4569822196981936,0
261,4.4650035380892525,1
262,0.20147224564845145,1
263,0.027327542505205527,0
264,0.9110921543468394,1
265,2.324355080328509,27
266,1.7128057132134875,0
267,1.1442229902056784,0
268,2.7901335024352907,1
269,0.9534988282739331,17
270,1.0579902739510343,0
271,1.6424614635444823,1
272,2.393022723364944,1
273,3.197534602757465,2
274,1.7358303095406393,1
275,0.303441886406715,0
276,2.5632561830024114,0
277,0.5175735934619625,1
278,1.0810661550778395,0
279,0.4193994511995698,0
280,2.0780270437174866,1
281,0.13947434216305532,0
282,0.5785752717197623,0
283,1.9309779370362918,0
284,1.4226098157828009,1
285,1.4438146731894208,2
286,0.6849440333529173,0
287,0.28074930160174194,0
288,3.0048471558650283,3
289,1.783875047193586,3
290,1.8104133992056262,1
291,0.28362904986512993,0
292,0.1455440508768484,0
293,1.7341992257144279,0
294,2.280111699087195,0
295,2.7282672384041042,1
296,1.5169232726523174,1
297,1.9181379504415297,0
298,2.0034885288736075,2
299,0.3444592467938814,0
300,2.777717477621974,2
301,1.7783363367289988,4
302,9.790182967885393,4
303,2.8381159633384128,9
304,0.9744215773702082,0
305,1.2768975858531677,1
306,2.330452563062423,3
307,0.5280971649304462,0
308,0.8050453528044572,0
309,1.6610134504784795,0
310,2.4068791755520857,1
311,11.304778039645567,3
312,2.652002413313446,5
313,0.796333873974677,0
314,0.5074335325989641,0
315,1.576878464611621,0
316,2.4556787376092064,1
317,1.0003846649859909,0
318,2.0546904386409444,0
319,2.962195102919564,3
320,1.0788470251314626,0
321,3.9535272690683234,1
322,0.9552215233625924,0
323,0.8142207811400318,0
324,2.091727999214257,1
325,3.2471327494197735,0
326,0.026974864466681847,0
327,0.9359830914575967,0
328,3.130452496070383,10
329,1.002039043891466,0
330,0.2068037824527642,0
331,2.068834919845942,1
332,3.0949212202373295,1
333,1.912450522637966,3
334,0.05371652496310508,0
335,1.2892392023195578,0
336,0.6919413994425025,0
337,1.865544124859538,1
338,0.5918304622121133,0
339,1.7130679047132504,0
340,3.201362150385161,1
341,3.267621774630281,10
342,2.225162263896707,2
343,1.8492292216047255,0
344,2.92490255082463,0
345,3.443548972770401,4
346,2.88255869562423,0
347,5.156981519485522,6
348,1.6863229260931831,2
349,1.574365881819488,1
350,1.9810574872699431,0
351,0.3255153182108923,0
352,0.31238521800970154,0
353,1.8422962203797413,3
354,3.8879711200943965,2
355,0.1531803043450084,0
356,2.125832171691993,1
357,2.9829043741011825,8
358,2.9326258514502266,4
359,2.478310942673958,10
360,0.6867477277303577,0
361,0.49673578107087657,0
362,6.194260606004848,10
363,1.3218407235426215,0
364,2.4475557018171226,1
365,0.1549361162976597,0
366,0.26889974035653674,0
367,1.3649875650480783,1
368,2.33757297979913,0
369,2.89265993501921,5
370,2.119261964660204,4
371,1.2044963694052675,1
372,1.2027322989447722,1
373,2.2442902513940752,4
374,2.9175193833447235,3
375,0.26859703302862004,0
376,4.443150372502673,23
377,1.8950623995680307,0
378,0.25704273470747285,0
379,0.1666374335636447,0
380,0.6792715052399205,0
381,2.2121263697028732,6
382,0.004598860666052529,0
383,0.007426589314677878,0
384,0.5357149290437488,0
385,2.6990562926894883,3
386,0.13222482213843856,0
387,0.014395430733779246,0
388,0.7886976039503175,0
389,-0.01667757699894601,0
390,1.31417202405095,1
391,6.124773249030161,1
392,2.472225055001169,1
393,0.654726763936395,0
394,2.0444079255934926,3
395,1.1231752776098975,1
396,2.0655090128959857,0
397,1.3475552818113739,1
398,2.433014063367028,1
399,0.34606174628106,0
400,1.0784035616143144,2
401,0.86658391644954,0
402,0.6359261023670508,0
403,2.3247380620851033,1
404,4.6678966933324535,13
405,0.09462173517567107,0
406,2.1845691149116475,1
407,2.497421353712151,7
408,3.4193369738322863,1
409,0.9416011301049271,0
410,0.5512580050027116,0
411,2.5494666450029047,1
412,2.105226260673008,2
413,1.6859003869084248,2
414,0.7416178631728727,0
415,0.2994033844089232,1
416,1.3928791770966957,0
417,0.6585150703300737,0
418,0.03171133855584163,0
419,0.8166349884562726,0
420,2.0857590862344186,1
421,0.1531803043450084,0
422,1.7585294211080702,1
423,0.9538106937474643,0
424,1.7981501407560276,1
425,1.5653202043761696,1
426,0.5231866931117464,0
427,1.3417656970294392,1
428,0.1750643858857559,0
429,2.9198690773407545,6
430,1.7352489366495845,1
431,2.6628383044005908,2
432,1.4016779827992814,1
433,1.6736822917740142,1
434,0.03958216246165103,0
435,3.108462331954354,2
436,1.222038328147102,0
437,0.26610574710112034,0
438,1.102173529307371,1
439,1.6492272747319443,0
440,2.4234254339318353,0
441,0.3792239965698916,0
442,4.193576413842071,1
443,1.2697911056288709,0
444,4.9306556347421715,1
445,2.404785007661121,0
446,1.1612678517497192,0
447,0.19332364620676645,0
448,0.08332313318111062,0
449,3.175516515516187,2
450,0.8792276594972741,0
451,0.48059118991156,0
452,2.9264537807205393,0
453,3.710766049244026,4
454,2.8600554698850598,1
455,0.9868434773113245,0
456,3.1583355542234113,2
457,1.6062668340957638,0
458,1.0999088675719912,0
459,3.322694640691622,0
460,1.1355643551251262,1
461,0.24336225948084178,0
462,2.9151288924411674,0
463,0.9893803769527643,0
464,1.1038036887408915,0
465,0.785576571909964,0
466,1.213264910334007,0
467,1.6063352854635824,3
468,2.869509622127439,5
469,1.2063367386659016,1
470,1.0712282962797524,0
471,7.508637094729169,23
472,3.621148203933009,1
473,2.807847605339921,0
474,2.175193490616262,3
475,1.4180459763712165,0
476,1.2940564317901608,18
477,4.316838748686202,1
478,0.16970623126253503,0
479,2.4251874539251546,1
480,2.5137395782042224,0
481,2.73612509441215,1
482,3.3740639267857846,5
483,1.327795791330716,0
484,1.8141474820455943,7
485,1.7205278483555306,11
486,0.13652191046326778,0
487,1.8329046724404594,0
488,1.4934851865177359,1
489,1.2637815752527528,0
490,0.08264521030774685,0
491,1.5646796040754056,0
492,1.7633124055946525,1
493,1.6429979757822377,0
494,2.3126305194119787,5
495,2.4272645002791102,3
496,1.9695033209598898,1
497,1.7981678915329962,0
498,2.2656863832204666,1
499,4.030652667509167,6
500,1.5129491517163445,1
501,1.2697244587554657,1
502,1.1252481661777833,0
503,1.2928099511371083,0
504,1.4311750350101433,0
505,2.1559284472650706,0
506,0.09145099478255947,0
507,2.41655564889388,0
508,0.5309651513056841,0
509,2.350466635099354,5
510,1.0406465699140914,0
511,-0.011197415660177512,0
512,2.8690876069238014,2
513,2.043794968409374,1
514,-0.01929526232698331,0
515,0.8575343209364313,0
516,2.5875820791644646,1
517,0.9169627409474698,0
518,2.9117254500543854,9
519,0.15933868135383933,0
520,0.15627188204686937,0
521,0.049119435294254554,0
522,1.7205278483555306,6
523,2.1506772252504174,0
524,0.8156848447351692,2
525,1.9370983448124213,1
526,-0.04106150393871899,0
527,3.0101973786421867,0
528,2.5294240185908636,1
529,0.31891408396244847,0
530,1.959551237953879,3
531,2.403188663062835,4
532,3.390226162740154,0
533,2.940429465508366,1
534,2.6188130690497813,1
535,1.0323513731361902,0
536,3.0333030825798084,0
537,2.4844281168830396,0
538,3.494910891769642,2
539,1.8437495481795372,3
540,2.63192910144884,1
541,2.2862801359578295,1
542,3.262588147089158,2
543,0.28966736934168025,0
544,1.3690735522048672,0
545,0.1549361162976597,0
546,5.118674950331998,4
547,3.3145945894137707,1
548,1.9627561617290292,1
549,0.40406325763198647,0
550,2.6080981554469096,1
551,0.14089547199016494,0
552,0.49673578107087657,0
553,1.574365881819488,1
554,1.5741833367920024,3
555,3.2951141101690995,1
556,2.3890643575107866,0
557,0.9915383888075965,0
558,4.0625561257995955,6
559,0.3835202356565772,0
560,2.8898639504545973,13
561,1.7872363261528248,5
562,4.090146668670848,0
563,2.019995805110708,1
564,0.009899072733160041,0
565,2.9821796698748,1
566,2.0882744733350256,8
567,1.9534364023110202,0
568,1.0607059573651743,0
569,4.30176937261364,8
570,0.9517962147857852,0
571,0.8824276882191477,0
572,0.27461910576076964,0
573,0.5755079145157522,0
574,1.591390871253309,0
575,1.5599763124395758,0
576,-0.026091365836966585,0
577,0.44699890798859965,0
578,2.0685206503327236,1
579,1.4559091566165665,0
580,0.8712588178988094,0
581,0.1554809118967999,0
582,1.5592969200456193,0
583,1.824614269203089,4
584,1.3501124336754349,0
585,1.5056302385316664,0
586,1.8396212023184288,3
587,3.4577829810207517,4
588,2.0676588143184484,5
589,7.762821959595348,2
590,2.6017276724574936,1
591,1.9577961593397253,2
592,5.8444045197818415,1
593,0.5112767507731084,0
594,1.4994924776586522,1
595,0.3535851699988626,0
596,1.4310897482777454,0
597,5.405109830079516,1
598,2.0133134849100687,2
599,0.6996063453047034,0
600,3.6635249903940394,2
601,0.014342223452205705,0
602,1.0190086866018926,1
603,2.980564873258982,3
604,2.5542109506303423,3
605,11.304778039645567,3
606,2.9855623622278857,1
607,2.171153168675973,0
608,6.351860862137379,2
609,0.2621849180516689,0
610,0.9256850104778123,2
611,0.20796481850823523,0
612,0.8041274877781459,2
613,0.15621678593233113,0
614,0.09418374599319113,0
615,1.6712062636346403,0
616,0.7236252526569804,1
617,1.0005592024670806,0
618,0.05129320300552531,0
619,1.9138775293870045,0
620,2.2944592935987753,1
621,1.1806272911203062,1
622,1.0019591620140302,0
623,0.006958925672547522,0
624,3.2886790913845427,0
625,0.3623382646737019,0
626,0.49673578107087657,0
627,1.4991819251765595,0
628,0.6162114589159129,1
629,1.743671224292859,8
630,2.7777179383570796,4
631,1.192972726167559,15
632,1.7967106981482002,16
633,4.293305468808286,4
634,1.8799916715719465,0
635,1.8875304674245117,5
636,0.25301934538791615,0
637,1.2693726445008864,1
638,0.05410539089368971,0
639,3.9003807336790324,2
640,2.1030856659805,0
641,0.22789433999280462,0
642,0.34433350481438607,0
643,0.5444791362244508,0
644,0.5235241170389409,0
645,1.6725740742707265,0
646,2.0923865200083367,0
647,2.4794532426876086,1
648,1.601662275912399,0
649,0.8668549614062295,0
650,5.008137432237323,4
651,0.6403300044440992,0
652,0.14928153157046697,0
653,2.641246252508739,18
654,1.3121832693064324,1
655,0.8740895268324315,2
656,0.53778638753057,0
657,0.07052508278913572,0
658,4.078892820437792,1
659,1.370441317081538,1
660,1.7710505287005711,1
661,4.357176773899697,0
662,0.7888931351137844,0
663,2.0944831012187732,6
664,2.6710194896074912,5
665,0.49673578107087657,0
666,0.03365326785247702,0
667,2.4497280245007973,0
668,1.9464041835934605,1
669,1.8692305325616996,4
670,2.242806947936004,1
671,3.1567297150763656,1
672,0.7563160685957976,0
673,0.780708647526831,0
674,0.2761579789580406,0
675,4.279390387213498,7
676,1.307863920440314,2
677,3.4782462325976238,1
678,2.4202103041228127,0
679,2.313155910341144,0
680,0.00137523207497936,0
681,1.713258445547369,1
682,0.2898286904630132,0
683,1.7177179128470186,1
684,5.2239999610253065,4
685,0.04540841145544228,0
686,0.38141429197869536,0
687,0.27231993522863385,0
688,2.8317145609840733,1
689,0.04560026317240595,0
690,3.4423224989703627,1
691,1.9644740688636024,1
692,5.522214755753987,1
693,2.76341804666241,1
694,2.5935180900121946,0
695,0.13687128185577402,0
696,2.320231968648067,1
697,2.2315400504376064,1
698,1.387765431915701,0
699,0.1634575014676256,0
700,2.331134407873154,0
701,2.503926386524623,0
702,0.7116838129325116,0
703,3.5531166722581635,7
704,-0.007863393039378108,0
705,2.7035806071075306,2
706,1.005966667991812,0
707,1.3741560456001796,0
708,-0.021264821858091976,0
709,1.8818644840763246,1
710,2.814922034468926,1
711,3.4619158383230157,0
712,1.9642680969387405,0
713,1.0226541605692814,0
714,-0.026596599211244243,0
715,2.554087638440465,2
716,0.8062843697010698,2
717,-0.0155928755976531,0
718,1.3629847730401765,1
719,3.220284180265259,3
720,0.8343894286042338,5
721,1.7655914058522504,1
722,0.47744815107376004,0
723,5.128552149643292,6
724,2.901678051688733,2
725,1.1941361323177575,1
726,0.09202665148183864,0
727,0.5487143297072634,0
728,2.081076226807312,1
729,1.9730095490098445,2
730,2.7049572011392664,12
731,0.5339492740005447,0
732,0.4032056655824705,1
733,0.4830624264801888,0
734,1.2810658454108668,5
735,0.671591493836607,0
736,2.7022717539389567,1
737,1.418646809471437,3
738,2.6145477842533627,3
739,5.872414808647312,3
740,1.6062668340957638,0
741,0.07320593205726622,2
742,0.00786783014125092,0
743,1.376964975410833,0
744,2.900849637510362,1
745,4.372084492185078,6
746,3.448763233789214,3
747,1.8292662763287373,1
748,2.4061117456268786,1
749,0.06511707199918604,0
750,1.1735095527324817,0
751,3.0541703236486337,2
752,2.321704000233132,3
753,0.14494527130857016,0
754,5.319633403193776,0
755,1.0962910739007372,0
756,1.972914900834406,1
757,1.8139993034750141,0
758,1.733307461789965,0
759,0.6505187313157972,1
760,1.098727675295177,0
761,6.321448981922325,8
762,1.9715843033850649,0
763,3.9663790142309363,0
764,2.634037438997902,2
765,3.5316332822485013,1
766,1.0678815916474842,0
767,0.09014515167659787,0
768,1.67142602519324,0
769,8.740505145748848,18
770,0.8732628082346346,4
771,0.09248341139874117,0
772,1.9408954142283128,1
773,1.644178405536296,0
774,2.049114236199034,0
775,2.538870812359357,4
776,1.3327060688974708,2
777,2.653584505493936,1
778,0.4507940165815729,0
779,1.1262967390029015,4
780,0.09814050309427214,0
781,1.3765520876544508,0
782,0.8735767485843441,3
783,4.690749028328514,0
784,1.4927982107477986,0
785,0.9874536961533231,1
786,1.916945169517696,3
787,3.7538585543312855,1
788,0.8256230083776163,0
789,0.956331870353476,0
790,0.5959075589917826,0
791,0.26210592002190714,0
792,4.150226333142861,1
793,0.2898286904630132,0
794,0.031001445852167242,0
795,3.168198637823526,1
796,2.0118451931181873,1
797,1.6759989452572543,0
798,0.04893831551762262,0
799,1.0133774604472041,0
800,1.0965370268911014,0
801,5.844082260652229,0
802,1.116052880900683,1
803,0.563400565688517,0
804,1.9429151000351288,1
805,1.110270116027444,0
806,1.7808134578737687,1
807,2.246958269492003,1
808,1.2277607409833649,1
809,0.15439040420747996,0
810,1.3383051815063498,1
811,11.364162683424588,9
812,0.10438126549410143,0
813,1.1877368257150114,0
814,1.7693440566209695,0
815,5.4273644914922095,1
816,1.6047382729735662,1
817,-0.03997774841791757,0
818,0.09822955585309034,3
819,4.715282552534891,1
820,1.6006917101763556,1
821,0.0211174728227832,0
822,0.41768697975911295,0
823,1.446321783711174,1
824,2.401909778204339,0
825,0.5716231238708211,0
826,0.9027416098371136,2
827,-0.008207313568008523,0
828,1.7205278483555306,0
829,2.145646615843606,0
830,2.152678219746092,0
831,0.15276400457719652,0
832,0.7724331471644308,0
833,0.17821996377071847,0
834,2.5188007920013975,0
835,1.8238039894365277,1
836,0.16048428426606454,0
837,3.635614733008759,2
838,4.479182121162591,6
839,2.14675756976765,3
840,0.3361849284547622,0
841,2.2962772961411644,11
842,0.646995794389033,0
843,2.2092026370810367,0
844,1.7205278483555306,0
845,-0.037654562333365504,0
846,0.7671665195691941,0
847,1.357459303129073,1
848,2.8166682417865356,3
849,0.3761937333105285,0
850,4.270089378124311,2
851,2.3491010479489853,0
852,0.2665156926089798,0
853,0.3335021500736264,0
854,2.604321754585097,0
855,2.5929728772023175,1
856,-0.025601962888483376,0
857,2.935630197734561,5
858,1.8916098218496364,4
859,6.034500440259672,0
860,1.4733417921963254,0
861,0.675693561349346,0
862,3.995106216230269,0
863,5.320261043997921,37
864,0.9963416972793366,0
865,3.0734727878262875,4
866,0.08084701957845541,0
867,0.15764962215930822,0
868,1.7837896637661574,0
869,1.7364043860447993,0
870,1.7485496576302675,2
871,3.6634992655488725,3
872,0.04560299623622632,0
873,0.060032911079916484,0
874,-0.031194675737148625,0
875,0.718219836909719,0
876,-0.03982390252376433,0
877,2.7760582130931035,0
878,-0.0155928755976531,0
879,0.235771065115304,0
880,0.02029600756504024,0
881,3.802889414051085,4
882,1.3166315038855472,4
883,1.390406536714887,0
884,0.7714116045080028,2
885,1.885690511317393,1
886,1.8924319953969408,0
887,0.7875154987608527,0
888,1.9970975980121084,0
889,2.730539764050613,25
890,1.6492272747319443,0
891,3.8810889295962445,10
892,4.152266992275587,0
893,0.3762326109806755,0
894,0.7057471054245055,1
895,0.5993199213991076,0
896,3.0263354194484737,0
897,1.2673113402014478,1
898,4.7306199730184595,1
899,0.1498657673234003,0
900,0.9963416972793366,1
901,1.6463824542762127,1
902,1.4473597479641505,2
903,1.9377969383040818,1
904,0.19663737932875125,0
905,2.8016405077829676,3
906,3.1451654843168377,34
907,0.9558860571477683,0
908,4.583828334919322,1
909,1.7787575135774139,2
910,1.0422767611086456,0
911,-0.0023550354523107497,0
912,8.174515530216409,3
913,2.8357369266867742,4
914,0.5597431885406083,0
915,3.244297278305355,0
916,1.3030805544552453,1
917,0.9569491084472554,0
918,0.2859176325457564,1
919,0.7876076715465844,0
920,2.4497203933214897,0
921,1.1610121170315812,0
922,2.9649704952798794,0
923,1.8812401042924056,0
924,0.711399213178949,5
925,0.38724919582850315,0
926,0.8700036627356166,0
927,0.4014661554580088,0
928,1.6813600224391607,1
929,1.6051621011821042,1
930,3.971764102490977,52
931,2.065169921741122,1
932,2.0325150859579457,0
933,0.26217470360330375,0
934,0.3746804426073558,0
935,0.8198289070270329,0
936,2.755647290028562,9
937,1.5126639564925506,0
938,5.554120449741913,3
939,0.00289177948235797,0
940,3.7852438606724967,1
941,0.9536329995586128,1
942,1.7844839454000156,0
943,-0.015480380012767414,0
944,1.9122887696420205,0
945,1.1705342990526835,0
946,0.5640685527402227,0
947,-0.02275108936254866,0
948,0.8291389833249293,0
949,0.4730692124397342,1
950,3.164780677444674,2
951,0.7133621008257098,0
952,2.367572995948214,1
953,4.814201980336949,8
954,0.9092191638195425,0
955,0.8285975290072526,0
956,1.9831850747916568,1
957,3.1023775336387773,0
958,2.2331621021309744,0
959,0.019439721705119872,2
960,2.653019922627449,1
961,0.9077050030379568,0
962,1.9375924866276077,1
963,4.003359847641905,11
964,0.08944342647818604,0
965,2.52232177923681,3
966,0.4447294078353212,0
967,0.34476265309941123,0
968,0.24006073903314173,1
969,0.5796924114287965,0
970,2.5080608914903197,3
971,0.007487400959757862,0
972,2.562504817024992,4
973,2.344317038963074,1
974,2.1732360244485402,4
975,0.2284469498620938,0
976,1.137191299585746,7
977,5.270739424605584,2
978,1.2643025727373574,2
979,2.2059818242299847,0
980,0.46413374039884037,0
981,3.2179544598421383,1
982,0.1492172080194707,0
983,1.8111736046547255,2
984,-0.029138854621753696,0
985,3.1437797610985303,5
986,2.1583144263704774,7
987,0.04126772690919456,0
988,1.2790703585860557,0
989,2.5163850613739904,5
990,2.4305273086358423,0
991,1.6679047975285535,0
992,5.029965683085779,0
993,1.2631271334099194,3
994,2.4708788701330056,1
995,2.5900742794777476,1
996,3.093258816572427,1
997,4.07148202345934,1
998,1.9502999571010498,0
999,1.9383133748425185,8
1000,1.3394085589227847,1
1001,0.6780466330889339,0
1002,0.2196644813019153,0
1003,1.0108467580302531,1
1004,0.9962243718358877,1
1005,0.15294787390831432,0
1006,3.1753201428496594,4
1007,0.6348386737859482,1
1008,0.0009847385213321846,0
1009,2.323634227367464,0
1010,0.18949188765698755,0
1011,2.1344060130996096,4
1012,0.9064655798282966,0
1013,1.756751525172365,1
1014,2.314523335537894,0
1015,1.3917742244549411,0
1016,1.9676947300771983,0
1017,2.273335839050356,0
1018,2.252192694702753,0
1019,1.4938551635212685,0
1020,2.5217074615334107,0
1021,0.6161237077845088,0
1022,2.3638299765419406,10
1023,0.6034110375244424,0
1024,0.33934056384451217,0
1025,2.0726261740272305,0
1026,1.9963727764722332,6
1027,1.1612678517497192,0
1028,0.31867446375580966,0
1029,1.3636091772265657,1
1030,2.878433368535379,0
1031,3.1878009571210173,0
1032,0.590641803211222,0
1033,2.5294240185908636,0
1034,2.3874028769756057,0
1035,0.07042509103127204,0
1036,1.4426492021770518,0
1037,0.5488477810365311,0
1038,0.47084700382314626,0
1039,1.2454757460380717,0
1040,1.7485780234455273,12
1041,0.19307086772495397,0
1042,1.2937628063669224,0
1043,0.8017488109808494,0
1044,2.512661475226463,2
1045,1.5059254769172867,0
1046,5.3857503471477095,0
1047,2.26514735778274,1
1048,0.16815398092913258,0
1049,2.7021495597397944,4
1050,1.8373755814466142,8
1051,2.594222152159067,2
1052,5.936859242904028,8
1053,1.1789154944186502,0
1054,0.9361274637668727,1
1055,2.3792435973592085,1
1056,4.857955683864756,4
1057,2.559536836888379,0
1058,1.7407295974387038,1
1059,2.6095246400946555,1
1060,2.550130917684183,1
1061,0.042434355699003,0
1062,1.9434919471323506,2
1063,3.7332877227510233,0
1064,4.007392563490377,2
1065,0.2049043678481477,0
1066,0.6110488566783441,0
1067,1.4635150583459233,1
1068,1.9186684413949662,19
1069,1.5920116218409655,11
1070,3.503161601565062,5
1071,2.0411720445217427,1
1072,1.216216173413479,0
1073,-0.042880304971505634,0
1074,6.208690544449974,3
1075,2.26514735778274,1
1076,2.726703858119208,1
1077,1.3669482535328514,0
1078,2.1788330899924784,8
1079,4.748136208408139,7
1080,1.7916211100184627,0
1081,1.690908049694623,7
1082,1.7749579026554358,2
1083,0.63665210324906,1
1084,-0.0320200887791775,0
1085,1.1565523456461144,1
1086,0.9981327825119847,3
1087,3.4098497031942063,0
1088,3.62089713087353,0
1089,2.10932156711581,2
1090,0.06316273083911117,0
1091,1.8085194533554103,1
1092,0.1662190857005228,0
1093,3.5092334646669947,7
1094,3.644158071121555,1
1095,1.9064897387991753,0
1096,2.3512801411292834,1
1097,5.302959385197667,1
1098,0.8206287167079264,0
1099,1.5858396418780645,0
1100,1.6896353293097546,1
1101,0.5881211567212596,0
1102,2.4218504515142367,1
1103,3.5315315315701135,1
1104,0.6430775815639842,0
1105,4.851809919484959,2
1106,0.1310055411207831,0
1107,0.8198531312985261,0
1108,0.4855016399697438,0
1109,1.0615400972183824,11
1110,0.4592793683998182,0
1111,3.298771257774347,1
1112,3.7585904257781895,5
1113,2.5219426961929514,1
1114,1.3439079335295565,0
1115,1.8383707082823801,0
1116,0.5250798923034279,0
1117,2.8023826047535128,4
1118,1.4689759188665257,1
1119,1.1735095527324817,0
1120,2.5654460791470948,2
1121,0.33474791787607217,0
1122,4.591143098653896,4
1123,1.6492272747319443,0
1124,1.969370264448577,1
1125,3.4117998197678765,9
1126,6.767779151742079,2
1127,0.4643053814318614,0
1128,3.484607661422669,4
1129,0.1412772414068928,0
1130,2.4351001690428102,3
1131,2.5326886506398787,0
1132,4.825254607193175,3
1133,0.46303921279732596,0
1134,4.225942676494807,1
1135,0.4780079324281996,0
1136,2.605472925499531,1
1137,2.949911427614398,1
1138,6.481132562564147,0
1139,0.11996265801024308,0
1140,1.1517291890588646,1
1141,2.4050688941329574,4
1142,1.186282641053745,0
1143,0.6049712322154528,0
1144,1.3439079335295565,0
1145,1.9147881576442036,0
1146,2.0591573521958795,0
1147,2.9746820735706976,12
1148,2.4045154195119065,13
1149,2.061385673886274,1
1150,1.848100607009336,0
1151,3.389069261559663,4
1152,1.5825512660331937,0
1153,0.4396798879603354,0
1154,2.2769289514969606,5
1155,0.5213249098313191,0
1156,3.0739221134452857,3
1157,1.895576575312464,1
1158,3.0482395083583427,1
1159,5.1187988010749255,2
1160,0.260684568668597,0
1161,0.12531705171685714,0
1162,1.3028628926791894,3
1163,1.7704893173310272,3
1164,0.052790940361571836,0
1165,3.824708629897895,8
1166,1.5849747095077495,0
1167,1.049716286136659,1
1168,0.6528403524386774,0
1169,0.47467108125414925,0
1170,3.047960797161319,1
1171,2.550365939914409,1
1172,1.8488185737148877,1
1173,0.8359868403532583,0
1174,3.403116173324533,0
1175,0.5077261577987486,0
1176,3.080301590264036,1
1177,3.8568914159819125,8
1178,3.25268170254086,1
1179,1.6600246420923634,2
1180,4.112486170605264,2
1181,5.302959385197667,21
1182,1.78787406785377,0
1183,2.56325864303449,0
1184,0.19615496383878073,0
1185,4.299375953288545,4
1186,0.9545797824286916,1
1187,0.1526491852020746,0
1188,2.4861016743445474,0
1189,0.7707765546114471,0
1190,1.0472460209115364,2
1191,0.471099884983615,0
1192,2.5080608914903197,3
1193,0.6129408681139665,0
1194,2.8912945458939316,6
1195,2.602092250724379,6
1196,2.214849443994778,0
1197,1.8132884409286563,0
1198,1.0145731011979704,0
1199,-0.04288166049145059,0
1200,2.4817314630954614,1
1201,0.12051273494336057,0
1202,1.8753061072378197,0
1203,0.9267065357252453,2
1204,2.031994580761447,2
1205,0.019311683470573326,0
1206,1.6310834582635392,0
1207,2.321622658248087,0
1208,0.9477251792757496,3
1209,0.15628309879192326,0
1210,1.7692704909930699,1
1211,3.13326023919035,1
1212,6.495796507949166,6
1213,0.19762589929652785,0
1214,0.012244205176175749,0
1215,0.4158154455362475,0
1216,2.1078105345450897,1
1217,2.3203196842900224,0
1218,0.8734306845100267,1
1219,7.479659116250851,4
1220,1.213191149788455,1
1221,2.4933345145294985,0
1222,0.47477937031533357,0
1223,0.27783268200175226,0
1224,4.079369544214854,0
1225,0.11291655172324,0
1226,0.39887663657111827,0
1227,3.9980227712320975,2
1228,1.5494342811371102,0
1229,2.019627005154338,1
1230,2.77821112061375,1
1231,0.9373459016372926,15
1232,2.2749815049438045,0
1233,0.9668225248247578,1
1234,4.384972514367191,4
1235,0.7129198182318921,0
1236,1.589097016543553,1
1237,3.0241294692382326,4
1238,5.43572660594149,9
1239,0.5463539106134989,0
1240,3.933646854970292,0
1241,5.884482427163382,7
1242,0.3852430322820515,0
1243,0.5733337510885035,0
1244,0.28372283693209055,0
1245,0.335375158771406,1
1246,2.171338081817608,2
1247,0.06153909865021756,0
1248,0.03665668586717152,0
1249,0.48651300270178055,0
1250,0.9911951013926796,0
1251,0.3729164227525332,0
1252,2.1073109760403916,0
1253,2.2888932544639244,1
1254,1.023873649392015,1
1255,0.7256311003796272,0
1256,0.8318795467132338,0
1257,0.15885645040079188,0
1258,0.5086559496329301,0
1259,0.03651083340068517,0
1260,1.947501105525036,0
1261,3.5860470442428256,38
1262,1.5171028484222853,0
1263,2.0989549854694527,1
1264,4.001316326941866,0
1265,0.02461403370034443,0
1266,-0.02584342961045416,0
1267,1.5524488188211905,0
1268,2.227390252494457,0
1269,5.570380158842465,16
1270,0.42005643405112636,0
1271,2.8301545346953203,1
1272,2.9364661984036644,1
1273,-0.005234658908598533,0
1274,2.0168550653994606,0
1275,0.6228058063145316,0
1276,2.6466872569351443,0
1277,2.26514735778274,1
1278,1.9983542107825336,0
1279,2.168502611499042,1
1280,3.57088217883683,0
1281,1.4502408809023475,1
1282,1.6492272747319443,0
1283,-0.0005855440300914783,0
1284,0.025267463895490394,0
1285,2.4722861361062765,3
1286,0.6864627598404489,0
1287,0.4169199516620212,0
1288,2.3874582249719096,2
1289,2.3431938477637555,2
1290,2.3012336522336403,7
1291,-0.03721924982137104,0
1292,2.2357131129747345,0
1293,2.4832069863005515,1
1294,0.5831066712669044,0
1295,3.701280685148383,0
1296,1.2366783990925827,0
1297,0.309992860922063,1
1298,-0.012052151530163258,0
1299,2.663640101060886,0
1300,2.201753467847386,0
1301,2.0910986880237417,0
1302,1.5415031117508584,1
1303,1.7411007860934624,0
1304,1.8913135603798117,1
1305,0.663148226255295,0
1306,1.4774212942572793,6
1307,5.872414808647312,7
1308,1.6512662227908548,3
1309,2.6122820538887153,1
1310,0.8425705568502159,0
1311,1.8833761103653215,0
1312,1.3367660482793584,4
1313,0.49492441082335215,0
1314,1.283354071065555,2
1315,0.13354605357780058,0
1316,2.361513902140934,0
1317,3.119160840603285,1
1318,0.4776397057157771,0
1319,2.657299116796215,0
1320,0.9753309096832836,2
1321,0.18144330084744542,0
1322,2.771956348975843,1
1323,2.4250335719128375,1
1324,4.7364002291440706,1
1325,0.4855024180426837,0
1326,0.894835718434414,0
1327,5.443603676683657,14
1328,-0.03982390252376433,0
1329,4.662531708965026,1
1330,1.7683707168576077,1
1331,0.43175125430784456,0
1332,0.38309335841990255,0
1333,3.379627547006057,1
1334,-0.030880288919525878,0
1335,0.57388099809826,0
1336,3.535718003496445,5
1337,1.6492272747319443,0
1338,1.0281337065148135,0
1339,-0.04247925520114304,0
1340,3.6753850833457102,0
1341,0.03529550158478334,0
1342,2.3342450284278207,0
1343,2.512661475226463,1
1344,2.554457556416092,1
1345,1.6231090237796468,0
1346,0.19344569932720157,0
1347,1.618894556906741,1
1348,1.101182477730577,1
1349,0.2493918049355328,0
1350,0.6450770225648923,0
1351,1.156086103301491,3
1352,1.6492272747319443,0
1353,1.6302146887541413,0
1354,3.974481093861222,2
1355,0.3245934587654351,0
1356,0.17904050651275782,0
1357,2.2344764972955824,1
1358,0.5534837788422817,0
1359,1.1869785434364017,1
1360,0.1831620757856245,0
1361,-0.019147161208407315,0
1362,0.08285384682706987,2
1363,0.7590778533920067,0
1364,1.6624619339410074,2
1365,2.599790148085033,14
1366,1.8645515325577546,0
1367,3.174595290583806,3
1368,1.2228998162043503,0
1369,0.18367219996361528,0
1370,0.9525687628181313,0
1371,2.806124072207024,1
1372,0.9077658043391572,0
1373,1.492787264049313,1
1374,1.6492272747319443,0
1375,2.026982542380529,0
1376,1.2486534683726904,0
1377,1.2095536085873746,9
1378,1.8157576064068905,2
1379,2.1132174270673487,0
1380,0.3813372057369384,3
1381,1.830715791128364,1
1382,1.5596729678877577,0
1383,2.583380242046932,1
1384,1.6816737191252793,1
1385,0.5972297597774585,0
1386,0.4169864466432889,3
1387,4.57426028994319,0
1388,1.7062500924658381,0
1389,5.518292200218208,1
1390,5.590213160071788,1
1391,1.7129984818903825,0
1392,3.5116793745627213,1
1393,1.912450522637966,4
1394,2.9336901805371287,0
1395,2.274883359315239,5
1396,1.6866287876394885,0
1397,2.1389015255853874,10
1398,0.4990352543630949,0
1399,1.6249128173926828,1
1400,0.1670056445456114,0
1401,0.7969896522111546,0
1402,0.36917160608111677,0
1403,1.1856116406424158,3
1404,1.3085861792282034,1
1405,1.6431911177384506,0
1406,1.6018980916380887,1
1407,0.25764403348306164,0
1408,3.1516876284623114,0
1409,0.8209783132305115,0
1410,1.3229013289983405,1
1411,1.9160300248819184,1
1412,0.9997188956659955,0
1413,0.10206029493383251,0
1414,4.345074403764361,7
1415,1.5694640829856807,0
1416,1.2425945937159106,10
1417,1.5414784566478315,0
1418,3.0962720789051428,2
1419,1.2876498176638407,1
1420,1.8154827370319044,13
1421,1.3342040564314674,2
1422,5.90195612947344,2
1423,4.56071772344116,1
1424,2.5080608914903197,3
1425,0.4802294711548709,0
1426,0.16815398092913258,0
1427,2.513513967250643,0
1428,0.5200382045876966,0
1429,2.1506772252504174,13
1430,0.3353831869534458,0
1431,1.8669418080588214,5
1432,0.8383691114647842,0
1433,0.48907330521244474,0
1434,0.8528428615275723,0
1435,2.145646615843606,0
1436,3.6234880457381933,7
1437,2.054475726477158,3
1438,0.432985152961493,0
1439,1.5770001883260782,1
1440,3.5816799033821587,3
1441,3.701280685148383,0
1442,1.9362070872077457,2
1443,1.8803802441169482,1
1444,0.002098778791171041,0
1445,0.17193616182649474,0
1446,2.3540384913001127,0
1447,5.0432239332853435,27
1448,1.2364331748186805,0
1449,2.5294240185908636,1
1450,2.533233196479763,0
1451,1.8096202639037784,0
1452,0.5386070723580625,0
1453,2.358106187449409,1
1454,1.5193953539975882,0
1455,0.04622827592282164,0
1456,0.35012705132637656,4
1457,1.1598689782367007,0
1458,-0.03982390252376433,0
1459,1.2087104817141308,0
1460,2.2050829678084862,1
1461,2.530648996274257,0
1462,0.8060329209198323,1
1463,0.8637239419477235,2
1464,1.8981111151754362,1
1465,-0.011570851522719527,0
1466,0.9755500567863595,0
1467,1.918410227592504,0
1468,0.6027448626849083,0
1469,0.2884168255301045,0
1470,2.4025353559568448,2
1471,1.7479334226381171,1
1472,0.5975529190843087,0
1473,1.0508779422795391,0
1474,0.15698002306120729,0
1475,0.015255047347035422,0
1476,1.153654482575197,6
1477,4.56665716464085,4
1478,0.02381163342037218,0
1479,0.5713196948314909,0
1480,1.6980246408709794,2
1481,0.9963416972793366,0
1482,0.8418992957385601,2
1483,0.03224328167647017,0
1484,2.5257270908894807,0
1485,1.4569822196981936,0
1486,2.4309342973329056,8
1487,-0.01521594760323941,0
1488,1.0915263619396827,0
1489,0.9264467003286442,0
1490,10.291753495693477,1
1491,0.7987844152820579,0
1492,0.33870329215867034,0
1493,2.08344744780442,1
1494,2.815633162465519,0
1495,3.7321135133140233,1
1496,4.584161785344108,5
1497,0.6834367473838279,1
1498,1.004136785271514,0
1499,1.6042569348823619,1
1500,1.1512421889441842,0
1501,0.36838201596017717,0
1502,0.5074335325989641,0
1503,8.683535789144813,8
1504,5.438408935305272,2
1505,5.32771852070063,9
1506,1.216083932350346,0
1507,0.2705405617082335,0
1508,0.5437109780238407,0
1509,1.2521945585314085,1
1510,1.260094559681209,0
1511,0.2413770133898887,0
1512,0.888632947122731,0
1513,2.3988961721014657,2
1514,1.9385480439782843,1
1515,0.3037954909887688,0
1516,1.831055766510332,0
1517,0.2569289590045576,0
1518,1.9345171103648555,1
1519,3.689014853750601,0
1520,3.489831419859116,3
1521,0.17346923131152003,0
1522,-0.03477709958801545,0
1523,2.4911096751103305,0
1524,1.3976100667288374,1
1525,3.696612623227852,1
1526,2.417646032952945,4
1527,1.201445516149247,0
1528,1.8818871256376941,2
1529,0.836990264322581,0
1530,1.604566565447078,1
1531,1.274595411872465,1
1532,2.309489426482587,1
1533,0.13450682921716006,0
1534,2.476890368981568,10
1535,0.43369244157451337,0
1536,0.06223716512176458,0
1537,1.4354309494307906,0
1538,0.4331752225107939,0
1539,2.8120230809730797,1
1540,2.103926384271259,1
1541,1.357120036003296,0
1542,4.774653714286087,13
1543,3.44587658946175,0
1544,-0.03094315292034233,0
1545,2.066085875107373,1
1546,0.2808754087727381,0
1547,1.8758906399097097,1
1548,2.8687548175122917,1
1549,0.1531803043450084,0
1550,2.4332632617953425,1
1551,0.16832723146599649,1
1552,0.4467956099782411,0
1553,0.028795677315796908,0
1554,3.465493137335902,3
1555,1.7586546455359582,1
1556,0.9366827620743848,0
1557,2.714460637711671,0
1558,0.5991115275392056,0
1559,1.1517291890588646,3
1560,1.3928796204160612,1
1561,0.07704637636242473,2
1562,1.9423905330737183,15
1563,1.4642116316147853,1
1564,0.8368595423094779,0
1565,1.1612678517497192,0
1566,0.13128461682826464,0
1567,1.764791339508442,4
1568,0.5641475652892309,0
1569,0.5201244748099165,0
1570,1.2161412765201383,3
1571,5.299756515700398,1
1572,2.361664960067324,1
1573,2.076351000949181,5
1574,2.3554707624090154,1
1575,0.1112391622772646,0
1576,2.410769422507039,1
1577,0.8219262060019267,0
1578,0.05592949875080411,0
1579,2.2994272313270447,1
1580,3.568640914063943,1
1581,0.5078868045109393,0
1582,0.5697173949523742,0
1583,3.333082153721639,0
1584,3.3908505815665633,3
1585,0.38429250260493575,0
1586,2.26514735778274,1
1587,1.0176615745460758,0
1588,1.1993306198367801,0
1589,2.280474851384623,1
1590,0.02501550299601152,0
1591,2.4361958678647744,0
1592,1.0108159722677739,2
1593,4.581973726184693,1
1594,1.835956776648711,2
1595,0.6521473838505738,0
1596,-0.015580877912489077,0
1597,0.4728683432743226,0
1598,4.239744331627692,1
1599,3.2588181711054376,9
1600,2.6153193781868294,1
1601,2.2251503878460968,1
1602,0.9372400999132563,0
1603,0.19688517688745288,0
1604,1.2102590766523993,1
1605,4.166076781162751,0
1606,2.209613814248897,0
1607,0.9419532324487552,1
1608,1.14065983960357,0
1609,0.6145025423877166,0
1610,0.7917102185233361,0
1611,1.0275915640714164,0
1612,0.6517719583169037,0
1613,1.4125297594464203,0
1614,3.8555635919847093,0
1615,2.9476204797305288,0
1616,0.9895954575018273,0
1617,-0.02428976415466022,0
1618,0.40579913344710583,0
1619,0.30677737654296267,0
1620,2.8926770371294412,6
1621,4.099284820772821,2
1622,0.7533146541074034,0
1623,0.6424083701246459,0
1624,1.0863253472000314,0
1625,2.5031756567866736,0
1626,1.745049357985063,0
1627,0.10248960712737865,0
1628,0.26099733713271744,0
1629,1.1881762694525952,4
1630,6.196483534573014,18
1631,2.3906001126077614,7
1632,0.9525687628181313,0
1633,2.477410190610623,1
1634,2.90616716585484,4
1635,0.7799122440968278,3
1636,0.4954120534505291,0
1637,0.636617428856298,0
1638,0.6385995720772781,0
1639,0.554422589957523,0
1640,1.0590064207708587,0
1641,0.9283596370822952,1
1642,0.8892805203385498,0
1643,5.601218848948285,5
1644,2.3567217521840407,0
1645,1.5547434153099235,55
1646,2.5392012575789353,1
1647,1.6715864811022265,0
1648,2.6791768617346507,1
1649,3.1768031796741893,0
1650,-0.006266259494887683,0
1651,2.110842807418324,2
1652,2.4311580018534613,1
1653,0.45307277779513044,0
1654,0.49673578107087657,0
1655,2.911634156134742,10
1656,0.9312655496751573,0
1657,2.302728852186262,0
1658,1.0872904696152237,0
1659,3.5482388092216324,1
1660,0.40366577377700974,0
1661,1.9122887696420205,1
1662,5.8444045197818415,2
1663,1.4926796363847408,0
1664,3.2771874312365465,1
1665,2.9240809124109575,2
1666,2.1060484681898384,0
1667,0.2657840746016653,0
1668,0.722092836280811,3
1669,2.161281698091573,1
1670,3.7722196002600743,0
1671,0.8494258842072103,2
1672,0.44131855366170436,0
1673,0.8933156928819014,0
1674,1.9448648236294912,0
1675,1.7016701940800283,1
1676,1.7472337627670043,1
1677,1.5842497165353573,0
1678,4.287297756650402,0
1679,1.6478749532212709,3
1680,0.8205777679142376,0
1681,2.800455711000129,1
1682,7.509870033145104,10
1683,1.3185446916502763,1
1684,0.026755602630438524,0
1685,2.7578901577425095,7
1686,1.4701615194416338,1
1687,0.3908171254508308,0
1688,2.977245919020266,1
1689,4.61656286286745,7
1690,2.467326946987475,0
1691,1.604615940327407,0
1692,2.6095294737723727,1
1693,1.7499514566747205,1
1694,4.725173101797168,0
1695,8.776454564578401,6
1696,1.8787299901481322,3
1697,0.9811812208675467,0
1698,2.468516312749201,2
1699,1.7562715313029702,0
1700,2.02610180639447,1
1701,1.9677401701291126,0
1702,0.7314092044344354,0
1703,1.6063352854635824,4
1704,3.361458589021229,1
1705,2.402270954574269,2
1706,3.098139521148611,1
1707,0.6266005517072322,0
1708,1.9784268212578218,2
1709,0.8059355454545324,0
1710,6.370973033407273,1
1711,1.790064980323841,4
1712,1.7633729508843743,0
1713,2.4717178924914496,1
1714,2.373337199925796,2
1715,2.191309235754273,4
1716,5.23992812272966,1
1717,3.360632319610975,4
1718,0.2739298024298651,0
1719,0.93472079833488,0
1720,1.2050846888043303,0
1721,0.6656944622258729,0
1722,1.8929864263894063,1
1723,2.3278141085884467,1
1724,3.998345125145814,1
1725,1.7193136333289327,8
1726,0.8505210805420318,0
1727,2.2835378852337507,0
1728,1.1033580805494894,2
1729,0.9532335271449549,2
1730,3.1382083440090804,1
1731,3.8375346053154655,2
1732,3.225635893272993,0
1733,3.7538585543312855,2
1734,3.7641218305227038,2
1735,0.6549541349941592,0
1736,0.13202881491262608,0
1737,1.6506181895422742,0
1738,3.1957575144755,2
1739,1.1403670321300965,1
1740,0.8887288136781782,0
1741,3.1891358063868553,1
1742,3.972397001643316,1
1743,0.005320934486893636,0
1744,0.8492981828884377,0
1745,4.591143098653896,2
1746,1.520515113748475,3
1747,2.9872364892189136,14
1748,1.0311022916344685,0
1749,3.1568468647614076,13
1750,0.5063826794592012,4
1751,0.9997001436730472,1
1752,2.239298919912637,8
1753,0.46730060179298083,0
1754,1.677882996845365,0
1755,1.8777345626517175,0
1756,2.4218504515142367,2
1757,0.6603234568809939,0
1758,0.2782004122406907,0
1759,2.968632966359589,1
1760,2.402002617797045,1
1761,2.9419601049973023,2
1762,0.5074335325989641,0
1763,3.330158160902165,1
1764,1.6458104486821044,1
1765,3.9044512843277577,0
1766,0.8168688656826704,0
1767,0.34475719158990104,0
1768,2.565647560998965,2
1769,3.5546967674179797,5
1770,0.03952160708621011,0
1771,7.195401392100326,9
1772,0.9459358176307348,0
1773,1.5979994309690315,1
1774,3.477960541131242,1
1775,2.4859218358440454,5
1776,-0.03999095618752424,0
1777,2.753473743336472,1
1778,0.028761427195052702,0
1779,2.924277233796733,31
1780,5.817985276614557,23
1781,4.104546263485933,11
1782,0.6968858131969466,0
1783,2.746940230429839,1
1784,3.7788731831972573,2
1785,0.31591332822935114,0
1786,2.4766169840253545,1
1787,1.8254410020378316,2
1788,0.3559742565851305,0
1789,-0.029205221967872896,0
1790,3.7389456174867792,0
1791,1.362541873855048,0
1792,-0.001846923650208776,0
1793,3.1985545536793762,0
1794,0.11765821257236508,0
1795,2.171338081817608,2
1796,3.748684769408928,1
1797,-0.040378118833904963,0
1798,1.8707592782937383,10
1799,0.06543322585908773,0
1800,2.403188663062835,4
1801,3.015032664125937,0
1802,2.597918879794288,4
1803,0.3213608576673246,0
1804,2.0630803681798486,1
1805,-0.008357352576473298,0
1806,0.32025412404320086,0
1807,3.2870827050448694,1
1808,-0.024578576391409035,0
1809,3.1642133851039445,5
1810,2.112617235970475,0
1811,-0.02659608962320137,0
1812,3.3971480519092814,0
1813,0.35128992011925675,0
1814,-0.0062660650611086055,0
1815,0.12365158832095635,0
1816,0.6245875698751722,0
1817,1.796110575473896,0
1818,2.08750469121513,14
1819,4.919911455613849,2
1820,2.1424435311016112,0
1821,2.781857686151246,4
1822,2.311225051263127,0
1823,0.017753931419970392,0
1824,0.8118855195427155,0
1825,1.9501609338944705,1
1826,0.25838742787526536,0
1827,1.376149639296241,0
1828,0.14659353507786732,1
1829,1.4150189657635246,0
1830,0.5032871197497704,0
1831,2.3911673144645027,0
1832,-0.04255468351198499,0
1833,2.36193085240703,2
1834,0.6956045166972344,0
1835,1.8178865117782284,1
1836,1.7236100433131418,0
1837,1.9349322880836664,1
1838,3.849355492698651,0
1839,3.5275385204971577,10
1840,3.2309044876179014,0
1841,1.7092855835850576,2
1842,0.92212786572195,0
1843,2.7955026199127504,1
1844,1.5869553676881285,13
1845,5.299756515700398,1
1846,0.3129323818344629,10
1847,0.19886089135097818,0
1848,3.8131875658600953,1
1849,3.6668781171466422,1
1850,2.63250256153053,1
1851,2.7600174004267757,1
1852,0.3335567835850888,0
1853,0.8770340355117469,1
1854,0.010376601446959954,0
1855,3.285103923540561,3
1856,2.821541905762727,0
1857,1.376149639296241,1
1858,1.199270612069597,0
1859,2.71860638935979,1
1860,0.9982055388357927,0
1861,0.34196403604466186,0
1862,1.163353359512048,1
1863,0.887331215755585,0
1864,1.7375209451433702,0
1865,2.239298919912637,2
1866,0.08201011874329045,0
1867,0.5324537225490722,0
1868,0.8736427175504495,2
1869,0.25764403348306164,0
1870,4.907802533095488,0
1871,0.13367742012927697,0
1872,5.474626532456988,3
1873,2.1956838036540374,0
1874,1.3177034262978982,1
1875,4.254434478613479,26
1876,5.29777237672015,2
1877,1.0780372638963251,1
1878,2.86342667951269,7
1879,0.6707536607609605,0
1880,0.325834204692135,0
1881,2.5147544146703025,1
1882,0.4930811087809259,3
1883,0.4422058718911204,0
1884,1.7205278483555306,3
1885,2.398299954400143,0
1886,0.30099727803033915,0
1887,2.105810347972534,0
1888,2.344700879880157,5
1889,0.013372374976653223,0
1890,1.7562715313029702,0
1891,0.28426854597681617,0
1892,2.773129854501499,0
1893,0.04152117857204174,0
1894,0.6108618215459869,0
1895,0.6525396829495229,0
1896,2.071889260038322,3
1897,2.840211953499507,1
1898,0.18861176498574683,0
1899,0.1118769940016846,0
1900,2.3009371533330643,0
1901,2.580450981338692,0
1902,3.8810889295962445,10
1903,0.9772462672471027,1
1904,2.8917943569604443,1
1905,0.4032599433218047,0
1906,0.7201607615346048,0
1907,2.9649704952798794,0
1908,0.34990667274172593,0
1909,2.9441185950129913,1
1910,1.8365009585172496,2
1911,1.7840072193766885,0
1912,0.06856104072407287,0
1913,2.245399734757359,4
1914,1.7091840008976886,0
1915,1.1322203512972167,0
1916,0.14654198157449128,0
1917,0.7989143286182938,0
1918,4.169910176149113,5
1919,2.41655564889388,0
1920,2.1833466276081577,2
1921,-0.028504419819093574,0
1922,0.16726380555031017,0
1923,2.2630087039469764,0
1924,0.6956045166972344,0
1925,1.678874221914066,4
1926,1.8270601023920396,2
1927,0.1311891613185916,0
1928,2.7085016279573413,1
1929,1.7108358144744027,1
1930,2.472900982986379,0
1931,1.2531518698849955,12
1932,1.9809129327796344,0
1933,1.3618338676515944,1
1934,0.8600750782549006,0
1935,1.8256280085525198,6
1936,2.1862395270862898,0
1937,0.009499649319482995,0
1938,5.564214179414211,18
1939,4.717939279419728,0
1940,0.4516962463730967,0
1941,1.6492272747319443,0
1942,0.6238277416020779,0
1943,2.488592216470388,3
1944,2.091137503154407,1
1945,0.49176854621179533,0
1946,3.2090044186249838,2
1947,1.2762143970129696,0
1948,-0.024888186511403232,0
1949,3.0949212202373295,1
1950,3.6789762881964334,0
1951,2.1742174226653708,2
1952,0.22968211743042288,1
1953,-0.013339711810170574,0
1954,-0.030183460481046254,0
1955,2.8592254036949294,0
1956,2.4200299746927416,1
1957,2.0538132423188586,1
1958,0.49315008994606924,0
1959,2.3022321747758383,1
1960,1.937210291624275,1
1961,1.92222049160863,0
1962,1.8184166556321903,0
1963,2.148390316308766,2
1964,1.5892977347931645,0
1965,5.412595532258661,11
1966,1.0288233617046152,0
1967,1.9427100068809298,0
1968,1.5112670754760815,0
1969,1.6021987009714134,2
1970,1.5132560958065178,0
1971,0.781952771129992,0
1972,1.0689300693138244,0
1973,0.3356614444674866,0
1974,0.030266144933846384,1
1975,2.660448650400567,1
1976,6.721910351958476,0
1977,3.392591419795919,1
1978,2.513925567864564,2
1979,1.3020814634944113,0
1980,3.3504437850848396,0
1981,0.01875381355765282,0
1982,4.780947819177756,1
1983,0.48886141541699546,3
1984,0.45845469582523246,0
1985,4.693697889482786,10
1986,1.6866378165936795,0
1987,6.741948607058305,4
1988,0.5338486063158172,0
1989,1.7967106981482002,0
1990,2.1085827753721103,0
1991,1.7020627792003875,0
1992,1.2340297375998763,0
1993,1.5420293956891944,0
1994,0.4222844082436583,1
1995,0.0054619594517724135,0
1996,3.050886088014482,1
1997,0.23787785427969754,0
1998,3.848604745119522,0
1999,0.4192684000110296,6
