,nkill
0,0
1,4
2,0
3,0
5,3
6,4
7,1
8,2
11,1
12,1
13,1
14,1
15,1
16,1
17,1
18,3
19,3
20,4
21,0
22,1
23,3
24,1
25,2
26,1
27,4
28,2
29,1
30,6
31,0
32,0
33,0
34,6
37,0
39,1
40,3
42,0
43,0
44,0
45,9
46,1
47,0
48,1
49,3
50,20
51,6
52,19
53,1
54,1
55,4
56,1
57,0
58,5
59,6
60,1
61,0
62,0
64,0
65,0
66,0
67,0
68,1
69,0
70,0
71,0
72,0
73,0
74,1
75,0
76,0
77,10
78,0
79,2
83,2
84,1
85,2
86,2
88,2
91,1
92,3
93,4
94,4
95,0
96,0
97,3
98,0
99,0
100,0
101,1
102,0
103,14
105,1
106,4
107,0
108,0
109,1
110,0
111,2
112,4
113,1
114,1
115,1
116,1
117,0
118,0
119,0
120,0
121,0
122,3
123,5
124,3
125,14
126,0
127,1
128,1
129,0
130,2
131,0
132,4
133,1
134,0
135,2
136,3
137,1
138,0
139,2
140,0
141,1
142,0
143,1
144,0
145,2
146,1
147,1
148,0
150,2
151,1
152,1
153,1
154,0
155,0
156,0
157,0
158,0
159,0
160,0
161,0
162,0
163,0
164,0
165,0
166,0
167,0
168,0
169,0
170,0
171,0
172,0
173,0
174,0
175,0
176,0
177,0
178,0
179,0
180,0
181,0
182,0
183,0
184,0
185,0
186,0
187,0
188,0
189,0
190,0
191,0
192,1
193,1
194,1
195,2
196,1
198,2
199,1
200,0
201,1
202,3
203,1
204,6
205,2
206,1
207,1
208,1
209,2
210,3
211,0
212,0
213,1
214,1
215,1
216,1
217,1
218,3
219,3
220,0
221,1
222,0
223,1
224,0
225,1
226,1
227,4
228,0
229,3
230,1
231,2
232,0
233,0
234,2
235,2
236,0
237,4
238,3
239,1
240,1
241,1
242,1
243,1
244,1
245,0
246,1
247,0
248,0
249,1
250,3
252,0
253,0
254,1
255,31
256,1
257,0
258,0
260,3
261,2
262,14
263,0
264,0
265,1
266,1
267,0
268,1
269,6
270,2
271,0
273,1
274,1
275,1
276,1
277,0
278,2
279,1
280,2
281,3
283,5
284,0
285,0
286,0
287,0
288,0
289,1
290,0
291,0
292,0
293,0
294,3
295,2
296,2
297,1
298,3
299,3
300,2
301,1
302,1
303,1
304,1
305,2
306,1
307,2
308,1
309,1
310,2
311,1
312,0
313,1
314,0
315,2
316,1
317,6
318,7
319,6
320,2
321,1
322,0
323,4
324,2
325,7
326,8
327,0
328,2
330,10
331,8
332,20
333,5
334,5
335,2
336,0
337,0
338,1
339,3
340,1
341,2
342,1
343,1
344,1
345,3
346,2
347,1
348,1
349,2
350,3
351,0
352,5
353,0
354,1
355,1
356,1
357,2
358,15
359,2
360,1
361,0
362,14
363,1
364,2
365,1
366,1
367,3
368,1
369,2
370,11
371,2
372,2
373,3
374,4
375,7
376,3
377,9
378,7
379,1
380,7
381,0
382,4
383,1
384,4
385,24
386,34
387,2
388,4
389,13
390,1
391,0
392,3
393,2
394,2
395,3
396,1
397,1
398,1
399,1
400,1
401,1
402,0
403,2
404,1
405,0
406,0
407,0
408,0
409,1
410,2
411,9
412,9
413,9
414,9
415,10
416,0
417,4
418,5
419,9
420,2
421,1
422,0
423,8
424,1
425,1
426,5
427,2
428,1
429,1
430,4
431,3
432,3
433,1
434,32
435,5
436,0
437,0
438,1
439,1
440,4
441,3
442,6
443,1
444,4
445,2
446,3
447,5
448,3
449,1
450,2
451,7
452,4
453,0
454,0
455,0
456,0
457,0
458,0
459,0
460,0
461,0
462,0
463,1
464,0
465,0
466,0
467,0
468,0
469,0
470,0
471,0
472,1
473,1
474,1
475,0
476,5
477,37
478,4
479,6
480,4
481,0
482,10
483,3
484,2
485,1
486,3
487,5
488,0
489,0
490,2
491,1
492,1
493,0
494,1
495,1
496,12
497,13
498,1
499,0
500,0
501,1
502,1
503,3
504,5
505,6
506,2
507,1
508,1
509,1
510,1
511,1
512,1
513,2
514,1
515,0
516,0
517,2
518,3
519,1
520,1
521,3
522,6
523,6
524,0
525,2
526,4
527,4
528,6
529,2
530,9
531,4
532,1
533,1
534,1
535,1
536,1
537,1
538,1
539,1
540,13
541,2
542,2
543,2
544,3
545,1
546,1
547,1
548,5
549,11
550,10
551,1
552,2
553,8
554,4
555,3
556,4
557,1
558,4
559,5
560,3
561,2
562,1
563,5
564,6
565,1
566,0
567,3
568,4
569,9
570,0
571,0
572,0
573,3
574,9
575,1
576,10
577,1
578,0
579,1
580,2
581,2
582,2
583,1
584,1
585,1
586,8
587,1
588,2
589,2
590,1
591,2
592,0
593,0
594,0
595,7
596,12
597,1
598,2
599,1
600,2
601,0
602,3
603,5
604,1
605,1
606,1
607,1
608,6
609,4
610,2
611,7
612,11
613,11
614,1
615,1
616,1
617,0
618,2
619,1
620,2
621,10
622,2
623,0
624,0
625,5
626,0
627,4
628,1
629,4
630,1
631,1
632,1
633,2
634,0
635,0
636,0
637,1
638,2
639,1
640,2
641,3
642,1
643,0
644,7
645,10
646,2
647,1
648,2
649,4
650,4
651,1
652,1
653,1
654,1
655,32
656,1
657,8
658,3
659,1
660,1
661,1
662,0
663,3
664,4
665,5
666,3
667,6
668,0
669,0
670,3
671,1
672,1
673,1
674,1
675,0
676,4
677,1
678,4
679,0
680,2
681,2
682,2
683,1
684,0
685,4
686,0
687,4
688,2
689,2
690,10
691,1
692,0
693,0
694,0
695,2
696,18
697,4
698,2
699,0
700,1
701,3
702,1
703,1
704,1
705,1
706,0
707,0
708,10
709,1
710,1
711,2
712,10
713,2
714,7
715,8
716,1
717,0
718,4
719,1
720,0
721,0
722,5
723,1
724,7
725,0
726,13
727,1
728,13
729,1
730,3
731,0
732,4
733,2
734,0
735,0
736,0
737,5
738,5
739,9
740,4
741,4
742,5
743,5
744,6
745,1
746,1
747,4
748,1
749,2
750,21
751,5
752,0
753,0
754,2
755,0
756,1
757,0
758,0
759,3
760,1
761,0
762,0
763,2
764,2
765,1
766,1
767,2
768,2
769,0
770,14
771,1
772,3
773,3
774,6
775,14
776,1
777,4
778,1
779,1
780,1
781,2
782,2
783,5
784,2
785,1
786,0
787,7
788,2
789,3
790,2
791,4
792,0
793,0
794,1
795,1
796,1
797,3
798,4
799,1
800,3
801,1
802,3
803,0
804,0
805,0
806,1
807,4
808,2
809,1
810,0
811,2
812,4
813,1
814,1
815,4
816,0
817,2
818,1
819,1
820,0
821,1
822,2
823,7
824,6
825,3
826,0
827,0
828,1
829,1
830,3
831,0
832,1
833,1
834,3
835,0
836,3
837,1
838,0
839,2
840,0
841,3
842,0
843,0
844,1
845,1
846,1
847,1
848,3
849,1
850,4
851,3
852,8
853,1
854,1
855,1
856,3
857,1
858,1
859,4
860,0
861,5
862,2
863,2
864,2
865,2
866,1
867,3
868,0
869,0
870,1
871,0
872,1
873,1
874,1
875,12
876,2
877,0
878,0
879,1
880,0
881,4
882,0
883,0
884,1
885,0
886,1
887,1
888,4
889,1
890,7
891,2
892,5
893,1
894,12
895,0
896,0
897,1
898,0
899,0
900,7
901,14
902,17
903,10
904,10
905,0
906,16
907,1
908,2
909,5
910,9
911,4
912,19
913,3
914,2
915,0
916,1
917,1
918,1
919,4
920,0
921,2
922,7
923,0
924,3
925,4
926,2
927,1
928,1
929,5
930,6
931,16
932,1
933,3
934,3
935,0
936,0
937,10
938,4
939,4
940,3
941,4
942,4
943,0
944,0
945,1
946,0
947,3
948,4
949,3
950,0
951,1
952,0
953,1
954,0
955,6
956,8
957,7
958,1
959,2
960,5
961,1
962,1
963,0
964,12
965,5
966,1
967,0
968,3
969,1
970,0
971,0
972,3
973,2
974,0
975,0
976,1
977,1
978,0
979,0
980,0
981,0
982,4
983,4
984,1
985,1
986,2
987,2
988,0
989,4
990,2
991,1
992,0
993,0
994,2
995,1
996,17
997,0
998,0
999,0
1000,1
1001,0
1002,3
1003,2
1004,1
1005,1
1006,2
1007,1
1008,11
1009,0
1010,2
1011,2
1012,1
1013,0
1014,3
1015,2
1016,1
1017,3
1018,3
1019,2
1020,1
1021,4
1022,0
1023,2
1024,2
1025,2
1026,0
1027,0
1028,1
1029,3
1030,5
1031,4
1032,4
1033,5
1034,7
1035,4
1036,5
1037,0
1038,1
1039,0
1040,2
1041,1
1042,3
1043,2
1044,2
1045,1
1046,3
1047,2
1048,2
1049,0
1050,1
1051,1
1052,2
1053,2
1054,2
1055,8
1056,1
1057,5
1058,1
1059,1
1060,1
1061,1
1062,5
1063,6
1064,2
1065,7
1066,6
1067,1
1068,2
1069,0
1070,3
1071,2
1072,5
1073,5
1074,1
1075,0
1076,7
1077,7
1078,1
1079,1
1080,1
1081,1
1082,27
1083,0
1084,1
1085,10
1086,0
1087,0
1088,2
1089,2
1090,6
1091,0
1092,1
1093,1
1094,2
1095,1
1096,3
1097,0
1098,4
1099,0
1100,0
1101,2
1102,5
1103,0
1104,1
1105,4
1106,2
1107,1
1108,1
1109,1
1110,1
1111,6
1112,1
1113,1
1114,13
1115,2
1116,2
1117,1
1118,8
1119,1
1120,4
1121,11
1122,2
1123,1
1124,4
1125,0
1126,0
1127,0
1128,0
1129,0
1130,0
1131,1
1132,2
1133,0
1134,0
1135,0
1136,0
1137,0
1138,0
1139,16
1140,4
1141,3
1142,10
1143,0
1144,23
1145,0
1146,6
1147,20
1148,9
1149,10
1150,0
1151,8
1152,7
1153,29
1154,3
1155,2
1156,0
1157,5
1158,1
1159,2
1160,1
1161,7
1162,2
1163,2
1164,2
1165,0
1166,1
1167,0
1168,2
1169,11
1170,4
1171,1
1172,2
1173,2
1174,1
1175,4
1176,2
1177,1
1178,5
1179,0
1180,4
1181,2
1182,0
1183,9
1184,10
1185,10
1186,0
1187,1
1188,7
1189,2
1190,1
1191,1
1192,4
1193,3
1194,1
1195,0
1196,19
1197,1
1198,5
1199,1
1200,2
1201,0
1202,10
1203,0
1204,2
1205,2
1206,1
1207,4
1208,0
1209,1
1210,1
1211,1
1212,2
1213,1
1214,0
1215,0
1216,0
1217,0
1218,0
1219,0
1220,2
1221,4
1222,3
1223,3
1224,1
1225,1
1226,0
1227,0
1228,0
1229,5
1230,2
1231,0
1232,0
1233,0
1234,6
1235,1
1236,0
1237,0
1238,4
1239,1
1240,0
1241,2
1242,0
1243,0
1244,0
1245,1
1246,0
1247,0
1248,4
1249,1
1250,0
1251,3
1252,0
1253,0
1254,0
1255,3
1256,2
1257,1
1258,1
1259,0
1260,0
1261,0
1262,0
1263,0
1264,0
1265,0
1266,0
1267,0
1268,2
1269,5
1270,1
1271,0
1272,0
1273,0
1274,1
1275,1
1276,3
1277,2
1278,1
1279,7
1280,0
1281,1
1282,4
1283,0
1284,2
1285,0
1286,0
1287,0
1288,0
1289,6
1290,5
1291,2
1292,0
1293,0
1294,0
1295,0
1296,0
1297,0
1298,0
1299,0
1300,0
1301,0
1302,1
1303,0
1304,3
1305,3
1306,0
1307,0
1308,0
1309,0
1310,1
1311,0
1312,3
1313,6
1314,1
1315,1
1316,0
1317,0
1318,1
1319,2
1320,0
1321,0
1322,0
1323,1
1324,1
1325,0
1326,3
1327,5
1328,1
1329,6
1330,0
1331,20
1332,1
1333,10
1334,8
1335,0
1336,1
1337,1
1338,1
1339,1
1340,4
1341,2
1342,0
1343,0
1344,5
1345,3
1346,1
1347,1
1348,1
1349,1
1350,11
1351,11
1352,1
1353,0
1354,6
1355,1
1356,1
1357,1
1358,1
1359,1
1360,1
1361,1
1362,1
1363,1
1364,7
1365,3
1366,0
1367,2
1368,1
1369,32
1370,14
1371,0
1372,1
1373,2
1374,1
1375,1
1376,0
1377,0
1378,0
1379,0
1380,7
1381,2
1382,12
1383,1
1384,0
1385,0
1386,0
1387,0
1388,1
1389,1
1390,0
1391,1
1392,0
1393,4
1394,1
1395,1
1396,13
1397,2
1398,2
1399,1
1400,0
1401,4
1402,4
1403,1
1404,1
1405,1
1406,1
1407,0
1408,2
1409,1
1410,3
1411,1
1412,0
1413,4
1414,1
1415,1
1416,1
1417,7
1418,3
1419,1
1420,1
1421,2
1422,1
1423,1
1424,2
1425,0
1426,3
1427,1
1428,2
1429,1
1430,4
1431,2
1432,7
1433,1
1434,14
1435,0
1436,4
1437,3
1438,6
1439,1
1440,9
1441,3
1442,1
1443,0
1444,7
1445,0
1446,14
1447,0
1448,1
1449,4
1450,3
1451,2
1452,1
1453,1
1454,1
1455,1
1456,8
1457,2
1458,0
1459,2
1460,13
1461,0
1462,0
1463,6
1464,0
1465,16
1466,4
1467,0
1468,4
1469,3
1470,1
1471,0
1472,4
1473,2
1474,1
1475,1
1476,1
1477,0
1478,3
1479,1
1480,0
1481,4
1482,1
1483,1
1484,2
1485,8
1486,1
1487,4
1488,8
1489,0
1490,0
1491,0
1492,0
1493,0
1494,3
1495,0
1496,2
1497,2
1498,1
1499,1
1500,12
1501,11
1502,1
1503,2
1504,2
1505,2
1506,1
1507,1
1508,2
1509,3
1510,1
1511,4
1512,1
1513,0
1514,1
1515,1
1516,1
1517,1
1518,3
1519,12
1520,1
1521,2
1522,7
1523,3
1524,0
1525,0
1526,1
1527,4
1528,12
1529,5
1530,2
1531,0
1532,0
1533,20
1534,0
1535,0
1536,0
1537,0
1538,20
1539,0
1540,0
1541,1
1542,4
1543,1
1544,5
1545,3
1546,3
1547,5
1548,2
1549,1
1550,0
1551,6
1552,2
1553,47
1554,0
1555,0
1556,0
1557,0
1558,0
1559,2
1560,2
1561,2
1562,5
1563,1
1564,1
1565,1
1566,1
1567,7
1568,2
1569,6
1570,14
1571,1
1572,2
1573,17
1574,0
1575,0
1576,0
1577,11
1578,1
1579,2
1580,2
1581,2
1582,4
1583,6
1584,2
1585,0
1586,1
1587,15
1588,0
1589,6
1590,4
1591,0
1592,1
1593,3
1594,0
1595,3
1596,1
1597,1
1598,2
1599,1
1600,4
1601,0
1602,12
1603,2
1604,5
1605,0
1606,0
1607,0
1608,5
1610,2
1611,0
1612,0
1613,0
1614,0
1615,11
1616,1
1617,0
1618,2
1619,3
1620,11
1621,20
1622,0
1623,0
1624,0
1625,2
1626,10
1627,0
1628,0
1629,10
1630,0
1631,0
1632,1
1633,1
1634,1
1635,0
1636,0
1637,9
1638,3
1639,30
1640,9
1641,7
1642,0
1643,1
1644,1
1645,1
1646,2
1647,1
1648,0
1649,5
1650,2
1651,0
1652,0
1653,0
1654,3
1655,1
1656,0
1657,0
1658,0
1659,0
1660,2
1661,0
1662,8
1663,6
1664,1
1665,6
1666,1
1667,5
1668,1
1669,1
1670,1
1671,1
1672,2
1673,2
1674,2
1675,4
1676,10
1677,1
1678,1
1679,1
1680,1
1681,12
1682,1
1683,1
1684,1
1685,0
1686,2
1687,3
1688,1
1689,1
1690,15
1691,5
1692,3
1693,4
1694,1
1695,1
1696,0
1697,7
1698,2
1699,4
1700,1
1701,1
1702,0
1703,3
1704,1
1705,7
1706,0
1707,5
1708,7
1709,1
1710,3
1711,3
1712,1
1713,3
1714,0
1715,5
1716,2
1717,1
1718,1
1719,1
1720,1
1721,0
1722,2
1723,48
1724,62
1725,8
1726,1
1727,5
1728,1
1729,1
1730,0
1731,1
1732,0
1733,2
1734,0
1735,1
1736,0
1737,0
1738,0
1739,0
1740,0
1741,0
1742,0
1743,0
1744,0
1745,0
1746,0
1747,1
1748,5
1749,4
1750,1
1751,1
1752,1
1753,3
1754,0
1755,0
1756,3
1757,8
1758,3
1759,0
1760,1
1761,1
1762,1
1763,1
1764,0
1765,0
1766,2
1767,9
1768,1
1769,0
1770,0
1771,0
1772,1
1773,3
1774,2
1775,1
1776,0
1777,5
1778,0
1779,7
1780,3
1781,0
1782,2
1783,0
1784,0
1785,1
1786,2
1787,2
1788,1
1789,8
1790,1
1791,1
1792,0
1793,0
1794,3
1795,1
1796,7
1797,1
1798,7
1799,0
1800,7
1801,1
1802,2
1803,4
1804,1
1805,1
1806,1
1807,1
1808,1
1809,0
1810,0
1811,0
1812,2
1813,0
1814,0
1815,27
1816,0
1817,0
1818,3
1819,4
1820,0
1821,2
1822,2
1823,0
1824,3
1825,0
1826,8
1827,2
1828,2
1829,4
1830,12
1831,11
1832,2
1833,0
1834,0
1835,0
1836,1
1837,0
1838,1
1839,0
1840,0
1841,1
1842,2
1843,2
1844,1
1845,1
1846,6
1847,11
1848,1
1849,0
1850,2
1851,2
1852,1
1853,4
1854,0
1855,0
1856,1
1857,4
1858,3
1859,8
1860,0
1861,1
1862,6
1863,10
1864,0
1865,42
1866,0
1867,31
1868,0
1869,0
1870,0
1871,0
1872,0
1873,0
1874,0
1875,0
1876,0
1877,0
1878,0
1879,0
1880,0
1881,0
1882,0
1883,0
1884,0
1885,0
1886,0
1887,0
1888,0
1889,0
1890,0
1891,0
1892,0
1893,0
1894,0
1895,0
1896,0
1897,0
1898,0
1899,7
1900,3
1901,7
1902,2
1903,0
1904,6
1905,5
1906,4
1907,6
1908,7
1909,7
1910,1
1911,6
1912,0
1913,10
1914,10
1915,3
1916,9
1917,0
1918,1
1919,13
1920,2
1921,4
1922,9
1923,3
1924,18
1925,3
1926,24
1927,23
1928,8
1929,6
1930,1
1931,10
1932,2
1933,2
1934,10
1935,0
1936,4
1937,6
1938,47
1939,0
1940,0
1941,0
1942,0
1943,7
1944,10
1945,0
1946,8
1947,0
1948,0
1949,0
1950,0
1951,4
1952,1
1953,1
1954,5
1955,0
1956,1
1957,1
1958,0
1959,1
1960,1
1961,1
1962,1
1963,1
1964,1
1965,1
1966,5
1967,5
1968,5
1969,37
1970,1
1971,5
1972,12
1973,0
1974,0
1975,1
1976,4
1977,2
1978,9
1979,1
1980,0
1981,0
1982,0
1983,0
1984,2
1985,0
1986,0
1987,5
1988,0
1989,4
1990,9
1991,9
1992,9
1993,1
1994,2
1995,18
1996,13
1997,7
1998,0
1999,0
2000,0
2001,5
2002,0
2003,3
2004,3
2005,0
2006,2
2007,1
2008,0
2009,3
2010,8
2011,3
2012,1
2013,1
2014,7
2015,9
2016,3
2017,0
2018,0
2019,0
2020,7
2021,1
2022,0
2023,0
2024,0
2025,0
2026,0
2027,0
2028,9
2029,3
2030,1
2031,14
2032,0
2033,0
2034,2
2035,0
2036,15
2037,4
2038,10
2039,1
2040,10
2041,3
2042,7
2043,2
2044,4
2045,1
2046,1
2047,2
2048,0
2049,5
2050,5
2051,0
2052,5
2053,1
2054,3
2055,2
2056,7
2057,6
2058,17
2059,0
2060,11
2061,1
2062,1
2063,3
2064,9
2065,1
2066,1
2067,4
2068,6
2069,1
2070,0
2071,4
2072,4
2073,2
2074,0
2075,29
2076,1
2077,2
2078,7
2079,0
2080,2
2081,13
2082,14
2083,5
2084,5
2085,5
2086,2
2087,5
2088,3
2089,13
2090,1
2091,6
2092,4
2093,7
2094,0
2095,0
2096,1
2097,5
2098,0
2099,3
2100,6
2101,11
2102,1
2103,0
2104,6
2105,1
2106,0
2107,0
2108,0
2109,0
2110,0
2111,0
2112,4
2113,0
2114,7
2115,5
2116,4
2117,2
2118,4
2119,4
2120,4
2121,4
2122,11
2123,4
2124,2
2125,16
2126,2
2127,18
2128,1
2129,6
2130,2
2131,4
2132,1
2133,1
2134,0
2135,0
2136,6
2137,1
2138,2
2139,0
2140,4
2141,18
2142,8
2143,17
2144,0
2145,0
2146,38
2147,2
2148,7
2149,0
2150,30
2151,6
2152,16
2153,0
2154,1
2155,19
2156,1
2157,5
2158,0
2159,0
2160,17
2161,0
2162,27
2163,0
2164,18
2165,0
2166,115
2167,0
2168,61
2169,0
2170,3
2171,0
2172,0
2173,1
2174,4
2175,2
2176,3
2177,4
2178,9
2179,0
2180,0
2181,2
2182,0
2183,15
2184,0
2185,0
2186,0
2187,0
2188,1
2189,3
2190,1
2191,0
2192,0
2193,13
2194,0
2195,3
2196,3
2197,2
2198,0
2199,3
2200,0
2201,0
2202,0
2203,0
2204,0
2205,7
2206,6
2207,1
2208,0
2209,22
2210,0
2211,0
2212,0
2213,0
2214,2
2215,0
2216,1
2217,4
2218,7
2219,7
2220,6
2221,0
2222,0
2223,0
2224,0
2225,0
2226,0
2227,0
2228,11
2229,22
2230,0
2231,0
2232,0
2233,0
2234,0
2235,0
2236,0
2237,0
2238,0
2239,1
2240,6
2241,70
2242,16
2243,6
2244,0
2245,7
2246,2
2247,1
2248,4
2249,1
2250,5
2251,0
2252,0
2253,0
2254,0
2255,0
2256,1
2257,0
2258,2
2259,0
2260,0
2261,37
2262,0
2263,2
2264,2
2265,12
2266,0
2267,0
2268,0
2269,7
2270,8
2271,1
2272,9
2273,2
2274,2
2275,0
2276,5
2277,1
2278,0
2279,3
2280,11
2281,0
2282,10
2283,0
2284,9
2285,2
2286,6
2287,7
2288,8
2289,0
2290,0
2291,0
2292,0
2293,0
2294,5
2295,3
2296,1
2297,1
2298,1
2299,1
2300,7
2301,0
2302,1
2303,1
2304,1
2305,6
2306,1
2307,0
2308,1
2309,7
2310,27
2311,0
2312,1
2313,2
2314,8
2315,6
2316,5
2317,2
2318,3
2319,3
2320,2
2321,1
2322,1
2323,2
2324,12
2325,0
2326,3
2327,0
2328,8
2329,9
2330,0
2331,10
2332,1
2333,1
2334,1
2335,1
2336,2
2337,0
2338,18
2339,0
2340,0
2341,5
2342,0
2343,0
2344,0
2345,0
2346,0
2347,0
2348,0
2349,0
2350,0
2351,0
2352,6
2353,0
2354,2
2355,0
2356,0
2357,0
2358,0
2359,0
2360,0
2361,0
2362,0
2363,0
2364,0
2365,0
2366,0
2367,0
2368,0
2369,0
2370,0
2371,0
2372,0
2373,0
2374,0
2375,0
2376,0
2377,0
2378,0
2379,0
2380,0
2381,0
2382,0
2383,0
2384,0
2385,0
2386,0
2387,0
2388,0
2389,0
2390,0
2391,0
2392,0
2393,0
2394,0
2395,5
2396,13
2397,1
2398,8
2399,1
2400,1
2401,1
2402,0
2403,0
2404,8
2405,5
2406,0
2407,16
2408,9
2409,5
2410,1
2411,0
2412,1
2413,0
2414,0
2415,0
2416,0
2417,0
2418,0
2419,0
2420,0
2421,0
2422,1
2423,0
2424,0
2425,0
2426,0
2427,0
2428,0
2429,0
2430,0
2431,16
2432,13
2433,1
2434,0
2435,0
2436,1
2437,1
2438,0
2439,0
2440,0
2441,0
2442,0
2443,0
2444,1
2445,0
2446,5
2447,4
2448,0
2449,3
2450,1
2451,1
2452,0
2453,8
2454,0
2455,2
2456,1
2457,5
2458,0
2459,2
2460,9
2461,0
2462,0
2463,13
2464,15
2465,7
2466,7
2467,1
2468,0
2469,0
2470,2
2471,0
2472,0
2473,11
2474,0
2475,0
2476,0
2477,7
2478,0
2479,1
2480,1
2481,1
2482,1
2483,0
2484,4
2485,1
2486,4
2487,5
2488,1
2489,11
2490,7
2491,0
2492,5
2493,2
2494,3
2495,1
2496,1
2497,1
2498,12
2499,0
2500,3
2501,1
2502,0
2503,0
2504,1
2505,1
2506,1
2507,1
2508,1
2509,0
2510,0
2511,2
2512,5
2513,3
2514,5
2515,4
2516,0
2517,0
2518,12
2519,2
2520,1
2521,1
2522,2
2523,4
2524,0
2525,0
2526,0
2527,0
2528,2
2529,1
2530,4
2531,8
2532,0
2533,0
2534,10
2535,2
2536,3
2537,0
2538,8
2539,2
2540,1
2541,1
2542,1
2543,1
2544,1
2545,1
2546,1
2547,1
2548,1
2549,1
2550,1
2551,1
2552,1
2553,1
2554,1
2555,1
2556,1
2557,1
2558,1
2559,1
2560,1
2561,1
2562,1
2563,1
2565,13
2566,14
2567,6
2568,2
2569,8
2570,1
2579,3
2580,1
2581,5
2584,2
2585,11
2586,0
2587,6
2588,8
2589,6
2590,9
2591,1
2592,2
2595,4
2596,1
2597,0
2599,12
2600,2
2601,14
2602,0
2603,0
2604,1
2605,2
2606,0
2607,0
2608,0
2609,3
2610,0
2611,0
2612,0
2613,0
2614,0
2616,0
2617,0
2618,0
2619,0
2620,0
2621,0
2622,0
2623,0
2624,0
2625,0
2626,0
2627,1
2628,0
2629,0
2630,0
2631,0
2632,0
2633,0
2634,0
2635,4
2636,0
2637,1
2638,1
2639,1
2640,7
2641,7
2642,1
2643,7
2644,2
2645,0
2646,5
2647,1
2648,0
2649,0
2650,3
2651,1
2652,14
2653,2
2654,2
2655,7
2656,11
2657,0
2658,3
2659,1
2660,12
2661,4
2662,0
2663,1
2664,0
2665,0
2666,30
2667,20
2668,0
2669,3
2670,5
2671,3
2672,0
2673,33
2674,7
2675,4
2676,1
2677,0
2678,0
2679,18
2680,6
2681,9
2682,19
2683,4
2684,1
2685,0
2686,0
2687,5
2688,0
2689,0
2690,0
2691,1
2692,5
2693,4
2694,17
2695,2
2696,15
2697,0
2698,0
2699,1
2700,1
2701,0
2702,0
2703,0
2704,0
2705,4
2706,2
2707,3
2708,1
2709,0
2710,7
2711,5
2712,2
2713,1
2714,1
2715,7
2716,10
2717,18
2718,0
2719,0
2720,2
2721,0
2722,2
2723,1
2724,0
2725,1
2726,3
2727,5
2728,5
2729,9
2730,19
2731,11
2732,4
2733,11
2734,5
2735,0
2736,11
2737,0
2738,1
2739,0
2740,3
2741,7
2742,7
2743,0
2744,0
2745,18
2746,3
2747,6
2748,0
2749,5
2750,0
2751,0
2752,0
2753,3
2754,0
2755,0
2756,6
2757,4
2758,3
2759,15
2760,0
2761,1
2762,1
2763,1
2764,25
2765,5
2766,39
2767,4
2768,0
2769,0
2770,0
2771,0
2772,0
2773,2
2774,8
2775,5
2776,3
2777,0
2778,8
2779,2
2780,0
2781,5
2782,6
2783,0
2784,0
2785,1
2786,2
2787,4
2788,6
2789,0
2790,3
2791,0
2792,7
2793,4
2794,4
2795,4
2796,0
2797,0
2798,2
2799,0
2800,0
2801,1
2802,0
2803,4
2804,1
2805,7
2806,3
2807,3
2808,3
2809,8
2810,30
2811,8
2812,5
2813,2
2814,0
2815,1
2816,1
2817,1
2818,1
2819,1
2820,1
2821,12
2822,1
2823,1
2824,0
2825,0
2826,0
2827,9
2828,3
2829,2
2830,0
2831,10
2832,0
2833,1
2834,1
2835,1
2836,10
2837,20
2838,1
2839,0
2840,1
2841,4
2842,23
2843,1
2844,0
2845,0
2846,0
2847,10
2848,4
2849,2
2850,2
2851,6
2852,0
2853,60
2854,0
2855,0
2856,0
2857,25
2858,6
2859,10
2860,10
2861,10
2862,2
2863,4
2864,1
2865,4
2866,12
2867,0
2868,23
2869,5
2870,6
2871,3
2872,3
2873,3
2874,3
2875,3
2876,3
2877,3
2878,3
2879,3
2880,3
2881,3
2882,3
2883,2
2884,1
2885,2
2886,13
2887,26
2888,4
2889,5
2890,25
2891,7
2892,8
2893,9
2894,11
2895,6
2896,5
2897,3
2898,26
2899,5
2900,19
2901,0
2902,3
2903,19
2904,12
2905,3
2906,1
2907,2
2908,11
2909,1
2910,7
2911,13
2912,16
2913,6
2914,5
2915,9
2916,7
2917,1
2918,6
2919,0
2920,1
2921,6
2922,0
2923,5
2924,0
2925,0
2926,7
2927,10
2928,2
2929,3
2930,0
2931,11
2932,9
2933,4
2934,5
2935,4
2936,32
2937,8
2938,3
2939,31
2940,5
2941,1
2942,8
2943,7
2944,22
2945,1
2946,0
2947,0
2948,0
2949,0
2950,0
2951,0
2952,6
2953,2
2954,0
2955,10
2956,1
2957,7
2958,15
2959,12
2960,0
2961,17
2962,12
2963,9
2964,1
2965,5
2966,0
2967,15
2968,4
2969,3
2970,1
2971,1
2972,1
2973,0
2974,7
2975,0
2976,2
2977,0
2978,0
2979,0
2980,11
2981,0
2982,4
2983,0
2984,0
2985,1
2987,5
2988,3
2992,2
2994,4
2995,1
2996,0
2997,0
2998,0
2999,0
3000,1
3001,2
3002,4
3003,0
3004,8
3005,1
3006,5
3007,0
3008,8
3009,0
3010,2
3011,1
3013,0
3014,5
3015,7
3016,16
3017,0
3018,0
3019,3
3020,11
3021,12
3022,17
3023,12
3024,8
3025,0
3026,3
3027,0
3028,3
3029,2
3030,2
3031,5
3032,0
3033,1
3034,1
3035,5
3036,0
3037,0
3038,1
3039,0
3040,1
3041,0
3042,18
3043,0
3044,0
3045,2
3046,20
3047,0
3048,0
3049,0
3050,4
3051,0
3052,0
3053,0
3054,0
3055,0
3056,0
3057,4
3058,2
3059,6
3060,2
3061,10
3062,0
3063,8
3064,22
3065,0
3066,2
3067,3
3068,0
3069,5
3070,8
3071,13
3072,5
3073,12
3074,3
3075,8
3076,9
3077,2
3078,0
3079,0
3080,35
3082,5
3083,0
3084,0
3085,0
3086,0
3087,0
3088,0
3089,0
3090,0
3091,0
3093,1
3094,2
3095,8
3096,5
3097,0
3098,1
3099,0
3100,2
3101,0
3102,0
3103,5
3104,5
3105,0
3106,0
3107,25
3108,0
3109,1
3110,2
3111,0
3112,0
3113,11
3114,2
3115,2
3116,1
3117,3
3118,0
3119,0
3120,0
3121,0
3122,0
3123,1
3124,12
3125,2
3126,9
3127,0
3128,0
3129,0
3130,0
3131,2
3132,3
3133,4
3134,0
3135,5
3136,5
3137,6
3138,7
3139,1
3140,0
3141,1
3142,12
3143,0
3144,0
3145,35
3146,10
3147,4
3148,1
3149,0
3150,0
3151,11
3152,0
3153,0
3154,6
3155,4
3156,1
3157,1
3158,5
3159,0
3160,1
3161,3
3162,5
3163,1
3164,2
3165,6
3166,13
3167,10
3168,9
3170,1
3171,1
3172,0
3173,2
3174,0
3175,5
3176,0
3177,6
3178,5
3179,0
3180,5
3183,0
3184,2
3185,10
3186,4
3187,0
3188,1
3189,2
3190,10
3191,2
3192,10
3193,8
3194,10
3195,3
3196,1
3197,6
3198,7
3199,0
3200,5
3201,8
3202,3
3203,1
3204,16
3205,0
3206,0
3207,0
3208,0
3209,4
3210,1
3211,0
3212,26
3213,3
3214,1
3215,0
3216,4
3217,4
3218,3
3219,8
3220,0
3221,9
3222,0
3224,0
3226,4
3227,0
3228,0
3229,0
3230,7
3231,11
3232,6
3233,0
3234,5
3235,2
3236,2
3237,6
3238,15
3239,10
3240,0
3241,0
3242,1
3243,1
3244,1
3245,0
3246,2
3247,1
3248,16
3249,13
3250,1
3251,2
3252,5
3253,0
3254,3
3255,0
3256,1
3257,6
3258,1
3259,5
3260,3
3261,3
3262,1
3263,1
3264,3
3265,0
3266,0
3267,0
3268,4
3269,13
3270,3
3271,4
3272,0
3273,2
3274,0
3275,1
3276,9
3277,2
3278,5
3279,0
3280,8
3281,0
3282,0
3283,8
3284,5
3285,0
3286,2
3287,0
3288,0
3289,0
3290,2
3291,10
3292,2
3293,0
3294,4
3295,10
3296,0
3297,2
3298,1
3299,13
3300,0
3301,15
3302,3
3303,0
3304,2
3305,1
3306,1
3307,5
3308,0
3309,0
3310,1
3311,1
3312,13
3313,1
3314,1
3315,6
3316,15
3317,0
3318,0
3319,0
3320,0
3321,0
3322,0
3323,1
3324,12
3325,1
3326,1
3327,3
3328,4
3329,2
3330,1
3331,1
3332,5
3333,0
3334,1
3335,1
3336,0
3337,0
3338,1
3339,0
3340,2
3341,0
3342,1
3343,0
3344,4
3345,5
3346,2
3347,0
3348,0
3349,0
3350,0
3351,1
3352,0
3353,0
3354,1
3355,2
3356,0
3357,1
3358,1
3359,0
3360,10
3361,1
3362,1
3363,1
3364,1
3365,6
3366,1
3367,7
3368,2
3369,2
3370,2
3371,1
3372,1
3373,0
3374,1
3375,0
3376,0
3377,0
3378,4
3379,2
3380,1
3381,0
3382,1
3383,1
3384,0
3385,2
3386,0
3387,2
3388,2
3389,5
3390,0
3391,0
3392,8
3393,2
3394,1
3395,3
3396,1
3397,4
3398,1
3399,0
3400,1
3401,0
3402,2
3403,4
3404,1
3405,6
3406,6
3407,5
3408,1
3409,1
3410,0
3411,12
3412,12
3413,0
3414,2
3415,31
3416,7
3417,6
3418,0
3419,4
3420,1
3421,0
3422,0
3423,4
3424,0
3425,5
3426,1
3427,3
3428,2
3429,0
3430,3
3431,2
3432,0
3433,16
3434,6
3435,1
3436,2
3437,4
3438,0
3439,0
3440,0
3441,6
3442,0
3443,3
3444,0
3445,0
3446,7
3447,8
3448,3
3449,9
3450,14
3451,1
3452,1
3453,4
3454,1
3455,0
3456,3
3457,6
3458,1
3459,2
3460,0
3461,2
3462,2
3463,6
3464,3
3465,12
3466,13
3467,2
3468,5
3469,0
3470,4
3471,2
3472,2
3473,0
3474,9
3475,0
3476,0
3477,1
3478,0
3479,1
3480,0
3481,2
3482,1
3483,8
3484,0
3485,0
3486,3
3487,0
3488,0
3489,0
3490,4
3491,0
3492,0
3493,0
3494,13
3495,2
3496,10
3497,1
3498,2
3499,5
3500,0
3501,4
3502,3
3503,2
3504,3
3505,5
3506,1
3507,1
3508,0
3509,1
3510,2
3511,34
3512,5
3513,1
3514,1
3515,2
3516,11
3517,2
3518,0
3519,0
3520,0
3521,0
3522,0
3523,0
3524,1
3525,0
3526,6
3527,5
3528,0
3529,6
3530,0
3531,2
3532,3
3533,1
3534,1
3535,3
3536,0
3537,0
3538,27
3539,29
3540,9
3541,3
3542,0
3543,1
3544,0
3545,4
3546,0
3547,1
3548,2
3549,1
3550,2
3551,2
3552,0
3553,8
3554,0
3555,7
3556,1
3557,4
3558,0
3559,7
3560,4
3561,1
3562,12
3563,0
3564,5
3565,8
3566,1
3567,4
3568,1
3569,3
3570,2
3571,1
3572,0
3573,1
3574,1
3575,4
3576,5
3577,0
3578,3
3579,12
3580,1
3581,0
3582,2
3583,1
3584,2
3585,33
3586,0
3587,4
3588,4
3589,3
3590,1
3591,1
3592,3
3593,1
3594,3
3595,0
3596,22
3597,0
3598,0
3599,4
3600,0
3601,2
3602,1
3603,1
3604,1
3605,0
3606,7
3607,0
3608,0
3609,14
3610,1
3611,0
3612,8
3613,2
3614,8
3615,12
3616,13
3617,0
3618,0
3619,0
3620,0
3621,10
3622,5
3623,2
3624,0
3625,0
3626,4
3627,0
3628,1
3629,0
3630,0
3631,1
3632,1
3633,3
3634,0
3635,1
3636,1
3637,1
3638,5
3639,0
3640,1
3641,0
3642,0
3643,0
3644,3
3645,1
3646,1
3647,1
3648,2
3649,0
3650,1
3651,1
3652,0
3653,0
3654,1
3655,2
3656,0
3657,1
3658,1
3659,0
3660,0
3661,0
3662,0
3663,1
3664,0
3665,0
3666,8
3667,2
3668,1
3669,0
3670,1
3671,1
3672,1
3673,11
3674,0
3675,0
3676,0
3677,2
3678,0
3679,0
3680,5
3681,1
3682,1
3683,5
3684,2
3685,5
3686,1
3687,5
3688,3
3689,1
3690,5
3691,0
3692,4
3693,6
3694,0
3695,0
3696,0
3697,3
3698,0
3699,0
3700,1
3701,11
3702,4
3703,2
3704,0
3705,6
3706,1
3707,0
3708,0
3709,13
3710,7
3711,2
3712,0
3713,24
3714,1
3715,0
3716,0
3717,1
3718,2
3719,1
3720,2
3721,0
3722,1
3723,0
3724,0
3725,1
3726,1
3727,0
3728,1
3729,0
3730,4
3731,0
3732,0
3733,5
3734,1
3735,1
3736,6
3737,5
3738,0
3739,1
3740,0
3741,0
3742,1
3743,0
3744,0
3745,9
3746,4
3747,19
3748,2
3749,1
3750,0
3751,2
3752,1
3753,1
3754,1
3755,2
3756,0
3757,0
3758,1
3759,1
3760,1
3761,2
3762,0
3763,1
3764,0
3765,3
3766,0
3767,1
3768,0
3769,1
3770,1
3771,2
3772,3
3773,1
3774,14
3775,3
3776,3
3777,0
3778,0
3779,0
3780,0
3781,0
3782,4
3783,4
3784,7
3785,8
3786,6
3787,2
3788,0
3789,5
3790,4
3791,1
3792,2
3793,52
3794,5
3795,5
3796,5
3797,6
3798,2
3799,0
3800,3
3801,12
3802,1
3803,1
3804,4
3805,5
3806,2
3807,2
3808,4
3809,6
3810,0
3811,2
3812,1
3813,0
3814,0
3815,1
3816,0
3817,2
3818,1
3819,1
3820,4
3821,1
3822,0
3823,0
3824,1
3825,8
3826,1
3827,0
3828,5
3829,0
3830,0
3831,2
3832,1
3833,7
3834,0
3835,5
3836,1
3837,2
3838,2
3839,0
3840,1
3841,4
3842,4
3843,0
3844,1
3845,3
3846,0
3847,1
3848,1
3849,6
3850,4
3851,4
3852,2
3853,0
3854,8
3855,9
3856,26
3857,2
3858,1
3859,3
3860,0
3861,0
3862,0
3863,1
3864,4
3865,2
3866,0
3867,0
3868,0
3869,0
3870,0
3871,1
3872,3
3873,28
3874,0
3875,0
3876,3
3877,1
3878,0
3879,11
3880,4
3881,4
3882,1
3883,1
3884,7
3885,2
3886,0
3887,6
3888,5
3889,12
3890,2
3891,1
3892,0
3893,7
3894,0
3895,2
3896,2
3897,0
3898,0
3899,0
3900,5
3901,3
3902,3
3903,1
3904,7
3905,1
3906,0
3907,12
3908,0
3909,4
3910,0
3911,1
3912,3
3913,0
3914,0
3915,0
3916,0
3917,1
3918,1
3919,0
3920,0
3921,0
3922,1
3923,15
3924,12
3925,3
3926,0
3927,9
3928,10
3930,4
3931,0
3932,1
3933,1
3934,7
3935,12
3936,0
3937,2
3938,2
3939,5
3940,0
3941,0
3942,7
3943,5
3944,4
3945,2
3946,1
3947,0
3948,0
3949,0
3950,0
3951,0
3952,0
3953,0
3954,0
3955,4
3956,3
3957,4
3958,1
3959,6
3960,0
3961,6
3962,5
3963,1
3964,1
3965,0
3966,0
3967,1
3968,0
3969,0
3970,0
3971,0
3972,0
3973,1
3974,0
3975,1
3976,2
3977,1
3978,1
3979,1
3980,1
3981,1
3982,1
3983,4
3984,2
3985,4
3986,8
3987,2
3988,1
3989,2
3990,4
3991,1
3992,0
3993,0
3994,0
3995,1
3996,4
3997,1
3998,1
3999,15
4000,0
4001,0
4002,8
4003,8
4004,0
4005,0
4006,1
4007,5
4008,0
4009,1
4010,0
4011,6
4012,3
4013,0
4014,5
4015,5
4016,0
4017,2
4018,6
4019,8
4020,1
4021,2
4022,5
4023,1
4024,1
4025,1
4026,1
4027,1
4028,1
4029,0
4030,0
4031,0
4032,0
4033,4
4034,0
4035,0
4036,0
4037,0
4038,0
4039,0
4040,0
4041,0
4042,0
4043,0
4044,1
4045,0
4046,2
4047,5
4048,0
4049,0
4050,0
4051,10
4052,1
4053,3
4054,0
4055,0
4056,2
4057,24
4058,7
4059,6
4060,3
4061,15
4062,8
4063,0
4064,2
4065,25
4066,1
4067,4
4068,2
4069,1
4070,3
4071,0
4072,1
4073,21
4074,20
4075,20
4076,55
4077,5
4078,4
4079,2
4080,2
4081,7
4082,9
4083,4
4084,1
4085,1
4086,0
4088,0
4089,0
4090,0
4091,0
4093,0
4094,0
4096,0
4101,11
4103,0
4104,1
4105,0
4106,8
4107,5
4108,6
4109,3
4110,0
4111,3
4112,0
4113,0
4115,2
4116,0
4117,2
4118,4
4119,1
4120,55
4121,20
4122,0
4123,0
4124,13
4125,1
4126,0
4127,1
4128,1
4129,0
4130,1
4131,0
4132,3
4133,0
4134,3
4135,1
4136,0
4137,1
4138,0
4139,0
4140,1
4141,1
4142,0
4143,0
4144,0
4145,2
4146,3
4147,0
4148,0
4149,0
4150,0
4151,0
4152,10
4153,15
4154,0
4155,13
4156,1
4157,0
4158,0
4159,4
4160,22
4161,2
4162,4
4163,2
4164,2
4165,12
4166,6
4167,8
4168,0
4169,2
4170,4
4171,0
4172,12
4173,0
4174,10
4175,1
4176,10
4177,0
4178,2
4179,0
4180,0
4181,0
4182,4
4183,4
4184,5
4185,188
4186,7
4187,6
4188,25
4189,0
4190,1
4191,0
4192,2
4193,2
4194,3
4195,1
4196,0
4197,1
4198,0
4199,3
4200,0
4201,1
4202,5
4203,5
4204,1
4205,0
4206,1
4207,3
4208,5
4209,24
4210,2
4211,1
4212,1
4213,0
4214,0
4215,0
4216,1
4217,10
4218,0
4219,1
4220,11
4221,1
4222,1
4223,0
4224,0
4225,1
4226,1
4227,4
4228,3
4229,11
4230,15
4231,4
4232,2
4233,0
4234,0
4235,2
4236,0
4237,2
4238,8
4239,1
4240,1
4241,1
4242,3
4243,0
4244,0
4245,13
4246,13
4247,14
4248,0
4249,0
4250,1
4251,0
4252,48
4253,1
4254,2
4255,0
4256,0
4257,2
4258,2
4259,0
4260,3
4261,2
4262,1
4263,0
4264,0
4265,1
4266,1
4267,0
4268,3
4269,3
4270,0
4271,0
4272,1
4273,7
4274,0
4275,4
4276,3
4277,66
4278,15
4279,1
4280,55
4281,0
4282,1
4283,5
4284,0
4285,0
4286,0
4287,6
4288,2
4289,1
4290,20
4291,1
4292,1
4293,1
4294,0
4295,6
4296,0
4297,13
4298,0
4299,0
4300,8
4301,9
4302,2
4303,3
4304,1
4305,0
4306,4
4307,2
4308,2
4309,0
4310,1
4311,3
4312,0
4313,0
4314,1
4315,2
4316,1
4317,0
4318,1
4319,0
4320,0
4321,0
4322,6
4323,0
4324,0
4325,5
4326,2
4327,1
4328,1
4329,0
4330,2
4331,0
4332,9
4333,0
4334,0
4335,24
4336,1
4337,0
4338,1
4339,0
4340,2
4341,0
4342,0
4343,0
4344,14
4345,3
4346,0
4347,40
4348,0
4349,12
4350,1
4351,0
4352,3
4353,3
4354,4
4355,0
4356,5
4357,3
4358,2
4359,0
4360,3
4361,1
4362,2
4363,6
4364,18
4365,5
4366,3
4367,0
4368,1
4369,7
4370,15
4371,4
4372,0
4373,0
4374,0
4375,9
4376,10
4377,0
4378,0
4379,1
4380,1
4381,1
4382,3
4383,1
4384,0
4385,1
4386,0
4387,1
4388,13
4389,13
4390,13
4391,0
4392,1
4393,2
4394,2
4395,2
4396,4
4397,1
4398,12
4399,3
4400,5
4401,8
4402,4
4403,1
4404,1
4405,0
4406,1
4407,0
4408,0
4409,0
4410,0
4411,1
4412,0
4413,0
4414,0
4415,34
4416,5
4417,1
4418,3
4419,0
4420,0
4421,0
4422,0
4423,3
4424,7
4425,0
4426,2
4427,0
4428,4
4429,2
4430,0
4431,3
4432,0
4433,4
4434,3
4435,1
4436,0
4437,4
4438,0
4439,3
4440,2
4441,0
4442,1
4443,0
4444,1
4445,1
4446,0
4447,8
4448,0
4449,1
4450,0
4451,6
4452,1
4453,1
4454,6
4455,1
4456,3
4457,0
4458,0
4459,0
4460,0
4461,2
4462,2
4463,1
4464,1
4465,2
4466,0
4467,1
4468,1
4469,0
4470,0
4471,0
4472,1
4473,0
4474,0
4475,0
4476,0
4477,0
4478,1
4479,2
4480,0
4481,2
4482,1
4483,0
4484,0
4485,1
4486,3
4487,0
4488,0
4489,0
4490,3
4491,3
4492,8
4493,2
4494,4
4495,1
4496,2
4497,2
4498,0
4499,3
4500,0
4501,0
4502,11
4503,2
4504,1
4505,0
4506,2
4507,1
4508,5
4509,0
4510,0
4511,2
4512,1
4513,2
4514,0
4515,0
4516,0
4517,1
4518,3
4519,1
4520,0
4521,0
4522,0
4523,0
4524,1
4525,0
4526,0
4527,1
4528,1
4529,1
4530,1
4531,2
4532,1
4533,0
4534,0
4535,2
4536,0
4537,0
4538,0
4539,0
4540,1
4541,1
4542,0
4543,1
4544,0
4545,1
4546,3
4547,1
4548,0
4549,0
4550,0
4551,0
4552,0
4553,0
4554,0
4555,0
4556,0
4557,1
4558,0
4559,0
4560,1
4561,0
4562,0
4563,0
4564,0
4565,0
4566,0
4567,1
4568,0
4569,0
4570,1
4571,0
4572,0
4573,1
4574,1
4575,0
4576,0
4577,7
4578,3
4579,0
4580,6
4581,0
4582,1
4583,0
4584,0
4585,0
4586,0
4587,0
4588,0
4589,0
4590,0
4591,1
4592,0
4593,0
4594,0
4595,1
4596,0
4597,1
4598,0
4599,1
4600,0
4601,5
4602,3
4603,1
4604,1
4605,1
4606,0
4607,0
4608,0
4609,0
4610,1
4611,2
4612,1
4613,2
4614,0
4615,20
4616,0
4617,0
4618,0
4619,1
4620,2
4621,1
4622,0
4623,5
4624,1
4625,0
4626,1
4627,1
4628,0
4629,0
4630,0
4631,0
4632,3
4633,3
4634,3
4635,4
4636,4
4637,4
4638,3
4639,3
4640,3
4641,3
4642,3
4643,4
4644,4
4645,3
4646,3
4647,3
4648,3
4649,0
4650,0
4651,0
4652,2
4653,1
4654,0
4655,0
4656,0
4657,0
4658,0
4659,0
4660,0
4661,0
4662,0
4663,0
4664,0
4665,0
4666,0
4667,0
4668,0
4669,0
4670,0
4671,0
4672,1
4673,0
4674,0
4675,0
4676,0
4677,0
4678,0
4679,0
4680,0
4681,0
4682,0
4683,0
4684,1
4685,0
4686,0
4687,0
4688,0
4689,0
4690,0
4691,0
4692,1
4693,0
4694,2
4695,2
4696,0
4697,0
4698,0
4699,1
4700,2
4701,0
4702,0
4703,1
4704,0
4705,0
4706,0
4707,1
4708,0
4709,0
4710,0
4711,0
4712,1
4713,0
4714,1
4715,0
4716,1
4717,0
4718,1
4719,8
4720,2
4721,0
4722,0
4723,1
4724,0
4725,1
4726,0
4727,0
4728,3
4729,0
4730,6
4731,0
4732,0
4733,0
4734,0
4735,1
4736,0
4737,0
4738,0
4739,2
4740,13
4741,5
4742,0
4743,0
4744,6
4745,0
4746,0
4747,0
4748,0
4749,0
4750,0
4751,1
4752,1
4753,0
4754,1
4755,0
4756,0
4757,0
4758,0
4759,1
4760,1
4761,0
4762,3
4763,0
4764,0
4765,0
4766,4
4767,1
4768,1
4769,1
4770,1
4771,0
4772,0
4773,1
4774,1
4775,0
4776,0
4777,0
4778,0
4779,1
4780,0
4781,3
4782,0
4783,0
4784,0
4785,0
4786,0
4787,0
4788,2
4789,1
4790,1
4791,0
4792,2
4793,0
4794,0
4795,1
4796,0
4797,2
4798,0
4799,0
4800,0
4801,0
4802,0
4803,3
4804,2
4805,0
4806,0
4807,1
4808,4
4809,0
4810,2
4811,0
4812,37
4813,20
4814,0
4815,14
4816,1
4817,10
4818,0
4819,0
4820,0
4821,3
4822,1
4823,0
4824,0
4825,0
4826,0
4827,1
4828,2
4829,0
4830,1
4831,0
4832,0
4833,0
4834,0
4835,0
4836,0
4837,0
4838,0
4839,1
4840,1
4841,0
4842,0
4843,0
4844,1
4845,0
4846,0
4847,0
4848,3
4849,0
4850,4
4851,0
4852,1
4853,1
4854,2
4855,0
4856,0
4857,0
4858,0
4859,0
4860,2
4861,1
4862,0
4863,1
4864,0
4865,5
4866,1
4867,9
4868,3
4869,58
4870,4
4871,68
4872,9
4873,32
4874,0
4875,0
4876,5
4877,1
4878,0
4879,2
4880,0
4881,0
4882,0
4883,0
4884,0
4885,2
4886,0
4887,3
4888,0
4889,1
4890,1
4891,0
4892,0
4893,5
4894,0
4895,0
4896,0
4897,0
4898,1
4899,0
4900,0
4901,0
4903,0
4904,0
4905,1
4906,1
4907,1
4908,1
4909,3
4910,0
4911,0
4912,6
4913,0
4914,0
4915,0
4916,0
4917,1
4918,1
4919,0
4920,1
4921,1
4922,2
4923,5
4924,1
4925,0
4926,0
4927,2
4928,1
4929,1
4930,0
4931,0
4932,3
4933,1
4934,2
4935,2
4936,1
4937,1
4938,0
4939,1
4940,3
4941,1
4942,0
4943,3
4944,0
4945,2
4946,1
4947,0
4948,1
4949,2
4950,0
4951,2
4952,0
4953,0
4954,0
4955,6
4956,0
4957,0
4958,0
4959,0
4960,0
4961,1
4962,0
4963,1
4964,2
4965,0
4966,0
4967,0
4968,0
4969,3
4970,4
4971,1
4972,0
4974,2
4975,0
4976,0
4977,0
4978,0
4979,0
4980,0
4981,1
4982,0
4983,0
4984,0
4985,1
4986,1
4987,0
4988,1
4989,0
4990,0
4991,0
4992,0
4993,0
4994,0
4995,0
4996,0
4997,0
4998,4
4999,1
5000,1
5001,1
5002,0
5003,0
5004,1
5005,1
5006,0
5007,1
5008,0
5009,0
5010,0
5011,0
5012,2
5013,1
5014,0
5015,2
5016,1
5017,0
5018,1
5019,1
5020,0
5021,4
5022,1
5023,4
5024,0
5025,0
5026,0
5027,2
5028,0
5029,0
5030,0
5031,0
5032,1
5033,0
5034,0
5035,0
5036,0
5037,0
5038,0
5039,1
5040,1
5041,0
5042,0
5043,0
5044,1
5045,0
5046,0
5047,0
5048,0
5049,1
5050,1
5051,0
5052,0
5053,9
5054,0
5055,4
5056,2
5057,0
5058,0
5059,0
5060,0
5061,0
5062,0
5063,0
5064,1
5065,1
5066,13
5067,1
5068,0
5069,1
5070,2
5071,6
5072,0
5073,0
5074,4
5075,0
5076,0
5077,11
5078,0
5079,0
5080,1
5081,0
5082,0
5083,0
5084,1
5085,0
5086,8
5087,11
5088,8
5089,0
5090,0
5091,2
5092,1
5093,0
5094,0
5095,0
5096,5
5097,5
5098,0
5099,0
5100,2
5101,0
5102,0
5103,0
5104,0
5105,0
5106,0
5107,0
5108,0
5109,0
5110,6
5111,0
5112,0
5113,5
5114,0
5115,0
5116,0
5117,0
5118,0
5119,0
5120,1
5121,1
5122,0
5123,0
5124,1
5125,0
5126,5
5127,0
5128,3
5129,1
5130,0
5131,1
5132,0
5133,1
5134,1
5135,10
5136,0
5137,0
5138,1
5139,0
5140,0
5141,0
5142,0
5143,0
5144,0
5145,0
5146,0
5147,0
5148,1
5149,2
5150,1
5151,10
5152,1
5153,0
5154,1
5155,0
5156,2
5157,0
5158,0
5159,1
5160,3
5161,13
5162,1
5163,0
5164,13
5165,12
5166,0
5167,0
5168,0
5169,1
5170,1
5171,1
5172,0
5173,0
5174,1
5175,1
5176,0
5177,1
5178,1
5179,0
5180,0
5181,0
5182,0
5183,1
5184,1
5185,5
5186,0
5187,0
5188,0
5189,0
5190,0
5191,0
5192,0
5193,16
5194,0
5195,0
5196,1
5197,0
5198,0
5199,0
5200,0
5201,0
5202,1
5203,0
5204,1
5205,1
5206,0
5207,0
5208,0
5209,1
5210,0
5211,0
5212,5
5213,0
5214,5
5215,5
5216,3
5217,0
5218,0
5219,0
5220,1
5221,1
5222,1
5223,1
5224,1
5225,0
5226,0
5227,0
5228,2
5229,1
5230,0
5231,0
5232,1
5233,0
5234,0
5235,0
5236,1
5237,12
5238,0
5239,12
5240,0
5241,1
5242,0
5243,0
5244,1
5245,3
5246,1
5247,1
5248,1
5249,0
5250,0
5251,3
5252,11
5253,0
5254,0
5255,0
5256,0
5257,0
5258,0
5259,0
5260,12
5261,4
5262,0
5263,1
5264,3
5265,1
5266,12
5267,0
5268,0
5269,3
5270,4
5271,9
5272,1
5273,0
5274,1
5275,1
5276,19
5277,10
5278,0
5279,0
5280,1
5281,0
5282,0
5283,0
5284,0
5285,0
5286,0
5287,0
5288,0
5289,1
5290,0
5291,1
5292,0
5293,0
5294,0
5295,4
5296,1
5297,0
5298,0
5299,0
5300,1
5301,1
5302,1
5303,0
5304,0
5305,1
5306,2
5307,2
5308,0
5309,0
5310,0
5311,2
5312,0
5313,2
5314,23
5315,2
5316,0
5317,0
5318,0
5319,2
5320,0
5321,1
5322,0
5323,1
5324,0
5325,0
5326,0
5327,0
5328,0
5329,0
5330,1
5331,1
5332,0
5333,1
5334,0
5335,1
5336,0
5337,0
5338,6
5339,0
5340,1
5341,0
5342,0
5343,1
5344,0
5345,2
5346,0
5347,1
5348,1
5349,1
5350,0
5351,0
5352,0
5353,0
5354,1
5355,2
5356,0
5357,0
5358,1
5359,1
5360,1
5361,0
5362,3
5363,1
5364,0
5365,0
5366,0
5367,0
5368,1
5369,1
5370,2
5371,0
5372,0
5373,0
5374,0
5375,0
5376,0
5377,1
5378,0
5379,5
5380,2
5381,1
5382,0
5383,0
5384,0
5385,0
5386,0
5387,0
5388,1
5389,1
5390,0
5391,0
5392,0
5393,0
5394,0
5395,0
5396,0
5397,1
5398,0
5399,0
5400,1
5401,0
5402,1
5403,0
5404,1
5405,0
5406,0
5407,0
5408,0
5409,0
5410,5
5411,1
5412,0
5413,1
5414,0
5415,0
5416,0
5417,0
5418,0
5419,0
5420,1
5421,4
5422,1
5423,1
5424,0
5425,2
5426,0
5427,0
5428,0
5429,0
5430,0
5431,15
5432,2
5433,2
5434,1
5435,1
5436,0
5437,0
5438,0
5439,0
5440,1
5441,3
5442,1
5443,1
5444,16
5445,0
5446,5
5447,0
5448,0
5449,10
5450,1
5451,0
5452,0
5453,0
5454,17
5455,1
5456,0
5457,0
5458,0
5459,1
5460,1
5461,0
5462,0
5463,2
5464,1
5465,0
5466,0
5467,0
5468,0
5469,0
5470,0
5471,0
5472,1
5473,1
5474,3
5475,0
5476,0
5477,0
5478,0
5479,0
5480,0
5481,0
5482,0
5483,0
5484,0
5485,0
5486,0
5487,0
5488,0
5489,3
5490,0
5491,0
5492,0
5493,0
5494,0
5495,2
5496,1
5497,1
5498,3
5499,1
5500,0
5501,0
5502,3
5503,2
5504,0
5505,1
5506,1
5507,4
5509,1
5510,1
5511,0
5512,0
5513,0
5514,0
5515,0
5516,0
5517,1
5518,1
5519,0
5520,0
5521,1
5522,0
5523,3
5524,1
5525,0
5526,0
5527,1
5528,2
5529,0
5530,1
5531,0
5532,0
5533,1
5534,1
5535,0
5536,0
5537,0
5538,0
5539,1
5540,1
5541,0
5542,0
5543,0
5544,0
5545,1
5546,0
5547,0
5548,0
5549,3
5550,2
5551,1
5552,0
5553,4
5554,2
5555,0
5556,0
5557,4
5558,8
5559,0
5560,0
5561,3
5562,0
5563,2
5564,0
5565,1
5566,0
5567,8
5568,1
5569,1
5570,0
5571,1
5572,3
5573,0
5574,0
5575,0
5576,0
5577,0
5578,0
5579,0
5580,1
5581,0
5582,0
5583,0
5584,0
5585,4
5586,1
5587,3
5588,0
5589,2
5590,2
5591,3
5592,0
5593,1
5594,3
5595,0
5596,1
5597,0
5598,0
5599,1
5600,0
5601,0
5602,0
5603,0
5604,0
5605,2
5606,1
5607,1
5608,7
5609,7
5610,0
5611,0
5612,1
5613,0
5614,0
5615,1
5616,0
5617,0
5618,0
5619,0
5620,0
5621,0
5622,0
5623,0
5624,0
5625,0
5626,0
5627,0
5628,4
5629,0
5630,0
5631,0
5632,0
5633,0
5634,0
5635,0
5636,1
5637,1
5638,0
5639,0
5640,0
5641,0
5642,0
5643,1
5644,0
5645,1
5646,0
5647,0
5648,0
5649,1
5650,1
5651,0
5652,1
5653,0
5654,1
5655,0
5656,0
5657,2
5658,0
5659,0
5660,1
5661,1
5662,1
5663,0
5664,0
5665,1
5666,0
5667,0
5668,0
5669,0
5670,0
5671,0
5672,0
5673,0
5674,0
5675,0
5676,0
5677,0
5678,1
5679,0
5680,1
5681,0
5682,17
5683,0
5684,0
5685,0
5686,12
5687,0
5688,0
5689,24
5690,11
5691,11
5692,1
5693,0
5694,0
5695,2
5696,0
5697,3
5698,0
5699,0
5700,1
5701,0
5702,1
5703,1
5704,0
5705,1
5706,0
5707,1
5708,2
5709,1
5710,1
5711,0
5712,1
5713,1
5714,1
5715,0
5716,0
5717,0
5718,0
5719,1
5720,0
5721,0
5722,1
5723,0
5724,0
5725,0
5726,0
5727,0
5728,0
5729,1
5730,1
5731,0
5732,0
5733,0
5734,0
5735,0
5736,0
5737,1
5738,0
5739,0
5740,0
5741,0
5742,2
5743,0
5744,0
5745,0
5746,1
5747,0
5748,3
5749,0
5750,1
5751,1
5752,1
5753,1
5754,0
5755,0
5756,0
5757,0
5758,0
5759,0
5760,1
5761,1
5762,0
5763,0
5764,0
5765,1
5766,0
5767,9
5768,82
5769,0
5770,0
5771,2
5772,0
5773,0
5774,0
5775,0
5776,0
5777,0
5778,1
5779,1
5780,2
5781,2
5782,1
5783,1
5784,1
5785,0
5786,0
5787,0
5788,1
5789,0
5790,0
5791,0
5792,0
5793,0
5794,0
5795,1
5796,0
5797,0
5798,0
5799,0
5800,1
5801,1
5802,1
5803,0
5804,0
5805,0
5806,1
5807,1
5808,0
5809,0
5810,0
5811,1
5812,0
5813,0
5814,1
5815,0
5816,0
5817,1
5818,0
5819,1
5820,1
5821,0
5822,0
5823,0
5824,2
5825,1
5826,0
5827,1
5828,1
5829,0
5830,1
5831,1
5832,0
5833,1
5834,1
5835,1
5836,1
5837,0
5838,0
5839,0
5840,0
5841,8
5842,1
5843,1
5844,1
5845,0
5846,0
5847,2
5848,0
5849,1
5850,0
5851,1
5852,4
5853,0
5854,0
5855,0
5856,1
5857,1
5858,1
5859,6
5860,1
5861,36
5862,1
5863,1
5864,0
5865,1
5866,0
5867,0
5868,5
5869,1
5870,0
5871,5
5872,3
5873,0
5874,2
5875,1
5876,1
5877,1
5878,1
5879,0
5880,0
5881,0
5882,1
5883,1
5884,1
5885,1
5886,2
5887,1
5888,1
5889,115
5890,0
5891,1
5892,0
5893,0
5894,0
5895,0
5896,0
5897,0
5898,2
5899,0
5900,0
5901,0
5902,1
5903,2
5904,0
5905,0
5906,0
5907,1
5908,0
5909,0
5910,1
5911,0
5912,1
5913,3
5914,1
5915,0
5916,2
5917,0
5918,0
5919,3
5920,2
5921,1
5922,26
5923,1
5924,1
5925,0
5926,0
5927,0
5928,3
5929,0
5930,0
5931,1
5932,2
5933,0
5934,0
5935,0
5936,0
5937,0
5938,0
5939,2
5940,0
5941,1
5942,6
5943,2
5944,0
5945,0
5946,1
5947,0
5948,1
5949,0
5950,2
5951,0
5952,1
5953,0
5954,0
5955,0
5956,0
5957,0
5958,0
5959,1
5960,1
5961,1
5962,0
5963,0
5964,1
5965,1
5966,0
5967,0
5968,1
5969,5
5970,2
5971,0
5972,0
5973,1
5974,1
5975,0
5976,1
5977,1
5978,4
5979,0
5980,0
5981,5
5982,0
5983,1
5984,5
5985,1
5986,0
5987,0
5988,1
5989,0
5990,2
5991,0
5992,1
5993,0
5994,1
5995,1
5996,0
5997,0
5998,0
5999,0
6000,2
6001,0
6002,1
6003,0
6004,1
6005,1
6006,0
6007,2
6008,1
6009,1
6010,0
6011,3
6012,0
6013,8
6014,0
6015,5
6016,1
6017,1
6018,1
6019,0
6020,2
6021,1
6022,1
6023,0
6024,0
6025,1
6026,0
6027,0
6028,1
6029,1
6030,0
6031,0
6032,0
6033,1
6034,0
6035,5
6036,0
6037,2
6038,0
6039,0
6040,0
6041,0
6042,0
6043,1
6044,0
6045,0
6046,0
6047,1
6048,1
6049,0
6050,2
6051,1
6052,2
6053,1
6054,2
6055,0
6056,0
6057,3
6058,2
6059,2
6060,1
6061,0
6062,2
6063,1
6064,1
6065,1
6066,0
6067,1
6068,0
6069,0
6070,0
6071,2
6072,0
6073,0
6074,2
6075,1
6076,0
6077,0
6078,0
6079,1
6080,0
6081,1
6082,1
6083,0
6084,3
6085,4
6086,0
6087,0
6088,1
6089,0
6090,1
6091,1
6092,0
6093,2
6094,0
6095,2
6096,0
6097,0
6098,1
6099,1
6100,0
6101,1
6102,0
6103,0
6104,0
6105,1
6106,1
6107,1
6108,0
6109,1
6110,0
6111,6
6112,0
6113,1
6114,1
6115,0
6116,0
6117,0
6118,0
6119,0
6120,1
6121,0
6122,0
6123,0
6124,0
6125,0
6126,0
6127,0
6128,0
6129,0
6130,0
6131,0
6132,1
6133,1
6134,2
6135,1
6136,2
6137,1
6138,0
6139,0
6140,0
6141,0
6142,1
6143,1
6144,1
6145,1
6146,8
6147,5
6148,1
6149,0
6150,2
6151,0
6152,0
6153,0
6154,2
6155,1
6156,0
6157,0
6158,0
6159,0
6160,1
6161,0
6162,0
6163,0
6164,0
6165,1
6166,0
6167,0
6168,1
6169,0
6170,0
6171,1
6172,1
6173,0
6174,0
6175,1
6176,1
6177,0
6178,4
6179,0
6180,0
6181,2
6182,1
6183,1
6184,1
6185,2
6186,0
6187,0
6188,2
6189,1
6190,1
6191,3
6192,1
6193,0
6194,2
6195,0
6196,0
6197,0
6198,5
6199,0
6200,2
6201,0
6202,0
6203,1
6204,1
6205,1
6206,0
6207,1
6208,0
6209,1
6210,0
6211,0
6212,0
6213,0
6214,0
6215,0
6216,0
6217,1
6218,0
6219,3
6220,0
6221,0
6222,0
6223,1
6224,1
6225,2
6226,1
6227,2
6228,1
6229,0
6230,2
6231,0
6232,0
6233,0
6234,2
6235,0
6236,0
6237,7
6238,1
6239,0
6240,1
6241,1
6242,0
6243,1
6244,1
6245,0
6246,0
6247,0
6248,0
6249,0
6250,0
6251,1
6252,1
6253,1
6254,1
6255,1
6256,1
6257,2
6258,0
6259,0
6260,0
6261,1
6262,1
6263,1
6264,0
6265,0
6266,1
6267,0
6268,1
6269,0
6270,0
6271,1
6272,1
6273,1
6274,0
6275,1
6276,0
6277,0
6278,1
6279,0
6280,0
6281,1
6282,0
6283,0
6284,2
6285,3
6286,0
6287,1
6288,0
6289,0
6290,1
6291,1
6292,0
6293,1
6294,1
6295,1
6296,3
6297,0
6298,0
6299,0
6300,0
6301,0
6302,1
6303,0
6304,0
6305,1
6306,1
6307,3
6308,0
6309,0
6310,1
6311,0
6312,0
6313,1
6314,0
6315,1
6316,0
6317,0
6318,1
6319,0
6320,1
6321,0
6322,0
6323,0
6324,1
6325,1
6326,0
6327,0
6328,0
6329,0
6330,1
6331,0
6332,0
6333,1
6334,0
6335,1
6336,0
6337,0
6338,0
6339,0
6340,1
6341,1
6342,1
6343,0
6344,2
6345,1
6346,1
6347,0
6348,1
6349,0
6350,1
6351,0
6352,0
6353,0
6354,0
6355,0
6356,0
6357,1
6358,1
6359,1
6360,0
6361,0
6362,0
6363,0
6364,0
6365,0
6366,0
6367,0
6368,0
6369,1
6370,3
6371,0
6372,0
6373,0
6374,0
6375,0
6376,1
6377,0
6378,0
6379,0
6380,0
6381,1
6382,1
6383,0
6384,0
6385,0
6386,1
6387,1
6388,0
6389,0
6390,0
6391,0
6392,0
6393,0
6394,0
6395,1
6396,8
6397,4
6398,0
6399,0
6400,0
6401,0
6402,0
6403,0
6404,0
6405,0
6406,2
6407,0
6408,2
6409,1
6410,1
6411,0
6412,1
6413,1
6414,0
6415,0
6416,1
6417,0
6418,0
6419,1
6420,0
6421,0
6422,0
6423,0
6424,0
6425,0
6426,1
6427,0
6428,0
6429,1
6430,0
6431,0
6432,3
6433,0
6434,2
6435,1
6436,0
6437,0
6438,2
6439,0
6440,1
6441,0
6442,1
6443,0
6444,0
6445,0
6446,1
6447,0
6448,0
6449,5
6450,0
6451,0
6452,1
6453,0
6454,0
6455,0
6456,0
6457,0
6458,2
6459,0
6460,0
6461,0
6462,1
6463,0
6464,0
6465,2
6466,33
6467,0
6468,1
6469,7
6470,0
6471,0
6472,0
6473,0
6474,2
6475,1
6476,1
6477,2
6478,0
6479,1
6480,0
6481,0
6482,1
6483,0
6484,1
6485,0
6486,2
6487,0
6488,0
6489,1
6490,0
6491,0
6492,0
6493,1
6494,1
6495,1
6496,0
6497,0
6498,1
6499,0
6500,0
6501,0
6502,1
6503,0
6504,0
6505,1
6506,1
6507,1
6508,1
6509,0
6510,1
6511,0
6512,0
6513,0
6514,0
6515,0
6516,11
6517,0
6518,0
6519,6
6520,0
6521,0
6522,1
6523,0
6524,0
6525,0
6526,0
6527,1
6528,0
6529,0
6530,0
6531,0
6532,0
6533,0
6534,0
6535,0
6536,0
6537,0
6538,0
6539,0
6540,0
6541,1
6542,0
6543,0
6544,0
6545,1
6546,0
6547,5
6548,0
6549,0
6550,1
6551,1
6552,4
6553,7
6554,0
6555,0
6556,1
6557,0
6558,0
6559,0
6560,1
6561,2
6562,3
6563,4
6564,11
6565,0
6566,0
6567,0
6568,0
6569,1
6570,0
6571,0
6572,0
6573,9
6574,0
6575,0
6576,0
6577,0
6578,2
6579,1
6580,1
6581,0
6582,0
6583,0
6584,0
6585,0
6586,0
6587,1
6588,0
6589,1
6590,0
6591,1
6592,3
6593,0
6594,0
6595,1
6596,1
6597,1
6598,1
6599,0
6600,1
6601,1
6602,0
6603,0
6604,0
6605,5
6606,1
6607,1
6608,0
6609,0
6610,0
6611,0
6612,0
6613,0
6614,0
6615,0
6616,0
6617,0
6618,0
6619,1
6620,0
6621,0
6622,1
6623,2
6624,1
6625,1
6626,1
6627,4
6628,3
6629,0
6630,1
6631,1
6632,0
6633,1
6634,0
6635,1
6636,0
6637,2
6638,1
6639,0
6640,0
6641,6
6642,0
6643,1
6644,1
6645,0
6646,2
6647,2
6648,2
6649,1
6650,1
6651,0
6652,1
6653,0
6654,0
6655,0
6656,8
6657,9
6658,9
6659,0
6660,1
6661,1
6662,0
6663,0
6664,7
6665,0
6666,0
6667,0
6668,1
6669,1
6670,0
6671,1
6672,2
6673,0
6674,0
6675,0
6676,0
6677,1
6678,0
6679,0
6680,3
6681,1
6682,1
6683,0
6684,0
6685,2
6686,2
6687,5
6688,0
6689,0
6690,0
6691,1
6692,1
6693,1
6694,0
6695,2
6696,0
6697,0
6698,0
6699,0
6700,0
6701,1
6702,0
6703,0
6704,0
6705,0
6706,0
6707,1
6708,0
6709,0
6710,1
6711,0
6712,0
6713,0
6714,0
6715,0
6716,4
6717,0
6718,1
6719,0
6720,2
6721,0
6722,0
6723,0
6724,0
6725,0
6726,0
6727,10
6728,1
6729,1
6730,0
6731,0
6732,0
6733,1
6734,1
6735,0
6736,1
6737,1
6738,0
6739,0
6740,0
6741,0
6742,0
6743,0
6744,0
6745,2
6746,0
6747,1
6748,1
6749,1
6750,0
6751,0
6752,1
6753,1
6754,0
6755,15
6756,0
6757,0
6758,0
6759,0
6760,0
6761,0
6762,1
6763,1
6764,0
6765,0
6766,0
6767,0
6768,1
6769,0
6770,1
6771,0
6772,1
6773,0
6774,0
6775,0
6776,0
6777,0
6778,2
6779,1
6780,0
6781,2
6782,0
6783,1
6784,1
6785,1
6786,0
6787,1
6788,1
6789,0
6790,0
6791,0
6792,0
6793,1
6794,1
6795,4
6796,7
6797,1
6798,2
6799,1
6800,1
6801,0
6802,1
6803,0
6804,2
6805,0
6806,0
6807,1
6808,0
6809,1
6810,0
6811,0
6812,0
6813,0
6814,1
6815,1
6816,1
6817,1
6818,0
6819,0
6820,0
6821,0
6822,0
6823,0
6824,1
6825,0
6826,0
6827,1
6828,1
6829,1
6830,0
6831,0
6832,5
6833,0
6834,0
6835,0
6836,0
6837,0
6838,0
6839,1
6840,0
6841,0
6842,1
6843,1
6844,0
6845,1
6846,0
6847,0
6848,0
6849,0
6850,1
6851,2
6852,0
6853,0
6854,1
6855,0
6856,1
6857,0
6858,2
6859,0
6860,0
6861,0
6862,0
6863,2
6864,0
6865,0
6866,3
6867,1
6868,0
6869,0
6870,0
6871,0
6872,11
6873,0
6874,0
6875,0
6876,0
6877,0
6878,0
6879,0
6880,0
6881,0
6882,0
6883,0
6884,0
6885,0
6886,0
6887,0
6888,0
6889,0
6890,0
6891,0
6892,0
6893,0
6894,1
6895,0
6896,1
6897,0
6898,0
6899,0
6900,0
6901,0
6902,0
6903,0
6904,0
6905,0
6906,0
6908,0
6909,0
6910,0
6911,0
6912,0
6913,0
6914,0
6915,0
6916,3
6917,0
6918,1
6919,1
6920,0
6921,0
6922,0
6923,0
6924,0
6925,0
6926,0
6927,0
6928,0
6929,0
6930,1
6931,0
6932,0
6933,0
6934,0
6935,0
6936,0
6937,2
6938,3
6939,13
6941,0
6942,1
6943,0
6944,1
6945,0
6947,0
6948,0
6949,0
6950,0
6951,0
6952,0
6953,2
6954,5
6955,1
6956,0
6957,0
6958,0
6959,0
6960,0
6961,0
6962,0
6963,3
6964,0
6965,0
6966,0
6967,1
6968,2
6969,0
6970,0
6971,4
6972,0
6973,0
6974,0
6975,0
6976,1
6977,0
6978,0
6979,0
6980,0
6982,0
6983,1
6984,0
6985,0
6986,2
6987,1
6988,0
6989,0
6990,0
6991,0
6992,0
6993,0
6994,0
6996,0
6997,0
6998,0
7000,0
7002,0
7003,4
7004,0
7005,0
7006,3
7007,0
7008,0
7009,0
7010,1
7011,0
7012,0
7013,0
7014,1
7015,0
7017,0
7018,0
7019,0
7020,2
7021,0
7022,0
7023,0
7024,0
7025,1
7026,0
7027,0
7028,0
7029,0
7030,12
7031,0
7032,0
7034,0
7035,0
7036,0
7037,0
7038,0
7039,0
7040,1
7041,0
7042,0
7043,0
7044,0
7045,2
7046,0
7047,0
7048,0
7049,0
7050,0
7051,0
7052,1
7053,0
7054,0
7055,0
7057,0
7058,0
7059,0
7060,0
7061,1
7062,0
7063,0
7064,2
7065,3
7066,0
7067,0
7068,1
7069,0
7070,0
7071,0
7072,2
7073,0
7074,0
7075,0
7076,1
7077,0
7078,0
7079,0
7080,2
7081,0
7082,1
7083,1
7084,1
7085,1
7086,0
7087,1
7088,0
7089,1
7090,0
7091,1
7092,0
7093,1
7094,1
7095,1
7096,1
7097,0
7098,6
7099,1
7100,0
7101,0
7102,0
7103,0
7104,0
7105,0
7106,0
7107,1
7108,1
7109,0
7110,0
7111,1
7112,0
7113,0
7114,1
7115,0
7116,0
7117,0
7118,0
7119,0
7120,0
7121,0
7122,0
7123,1
7124,0
7125,0
7126,0
7127,0
7128,0
7129,0
7130,1
7131,5
7132,1
7133,0
7134,0
7135,0
7136,1
7137,0
7138,0
7139,0
7140,0
7141,1
7142,0
7143,0
7144,1
7145,0
7146,1
7147,0
7148,0
7149,0
7150,3
7151,0
7152,0
7153,2
7154,0
7155,1
7156,1
7157,2
7158,0
7159,0
7160,0
7161,1
7162,0
7163,0
7164,0
7165,0
7166,0
7167,0
7168,0
7169,0
7170,0
7171,0
7172,0
7173,0
7174,0
7175,0
7176,0
7177,1
7178,0
7179,4
7180,0
7182,1
7183,0
7184,0
7185,0
7186,1
7187,1
7188,0
7189,0
7190,0
7191,2
7192,0
7193,1
7194,0
7195,1
7196,0
7197,1
7198,1
7199,0
7200,0
7201,0
7202,0
7203,0
7204,1
7205,0
7206,0
7207,0
7208,1
7209,1
7210,0
7211,0
7212,0
7213,0
7214,0
7215,0
7216,0
7217,0
7218,0
7219,0
7220,0
7221,0
7222,0
7223,0
7224,0
7225,1
7226,1
7227,0
7228,0
7229,0
7230,0
7231,0
7232,0
7233,1
7234,0
7235,0
7236,0
7237,1
7238,1
7239,0
7240,0
7241,1
7242,1
7243,0
7244,0
7245,1
7246,0
7247,0
7248,1
7249,0
7250,1
7251,0
7252,2
7253,0
7254,2
7255,0
7256,0
7257,0
7258,1
7259,0
7260,2
7261,0
7262,1
7263,4
7264,1
7265,0
7266,0
7267,0
7268,1
7269,0
7270,0
7271,0
7272,0
7273,0
7274,0
7275,0
7276,0
7277,0
7278,0
7279,0
7280,0
7281,0
7282,0
7283,0
7284,0
7285,0
7286,1
7287,0
7288,0
7289,1
7290,0
7291,1
7292,0
7293,2
7294,1
7295,0
7296,0
7297,0
7298,0
7299,1
7300,0
7301,0
7302,0
7303,1
7304,1
7305,0
7306,0
7307,0
7308,0
7309,0
7310,0
7311,0
7312,0
7313,1
7314,0
7315,0
7316,0
7317,0
7318,2
7319,0
7320,0
7321,0
7323,0
7324,0
7325,0
7326,0
7327,0
7328,0
7329,1
7330,0
7332,0
7333,0
7334,1
7335,1
7336,0
7337,0
7338,0
7339,0
7340,0
7341,0
7342,0
7343,0
7344,1
7345,1
7346,1
7347,1
7348,1
7349,0
7350,0
7351,0
7352,0
7353,0
7354,0
7355,0
7356,1
7357,1
7358,1
7359,0
7360,1
7361,0
7362,0
7363,0
7364,0
7365,0
7366,0
7367,1
7368,0
7369,0
7370,1
7371,0
7372,0
7373,0
7374,2
7375,1
7376,1
7377,0
7378,0
7379,2
7380,1
7381,3
7382,0
7383,0
7384,0
7385,0
7386,0
7387,2
7388,1
7389,0
7390,1
7391,0
7392,0
7393,0
7394,0
7395,0
7396,0
7397,0
7398,0
7399,0
7400,1
7401,0
7402,0
7403,0
7404,0
7405,0
7406,0
7407,0
7408,0
7409,0
7410,0
7411,0
7412,0
7413,0
7414,0
7415,0
7416,0
7417,0
7418,0
7420,0
7421,0
7422,1
7423,7
7424,1
7425,0
7426,0
7430,0
7431,1
7432,0
7434,1
7435,1
7436,0
7437,0
7438,0
7439,0
7440,1
7441,0
7442,0
7443,7
7444,0
7445,0
7446,1
7447,0
7448,0
7449,0
7450,0
7451,2
7452,1
7453,0
7454,0
7455,0
7456,0
7457,0
7458,0
7459,0
7460,0
7461,4
7462,3
7463,0
7464,0
7465,1
7466,0
7467,0
7468,0
7469,1
7470,0
7471,0
7472,0
7473,1
7474,0
7475,1
7476,1
7477,1
7478,1
7480,1
7481,0
7482,0
7483,1
7484,0
7485,0
7486,1
7487,0
7488,0
7489,0
7490,0
7491,0
7493,0
7494,0
7495,1
7496,0
7497,0
7498,0
7499,0
7500,1
7501,0
7502,0
7503,0
7504,2
7506,0
7507,0
7508,0
7509,0
7510,0
7511,0
7512,0
7513,0
7514,1
7515,0
7516,0
7517,0
7518,0
7519,0
7520,2
7521,1
7522,2
7523,0
7524,1
7525,0
7526,0
7527,1
7528,15
7529,1
7530,0
7531,1
7532,3
7533,0
7534,0
7535,2
7536,1
7537,0
7538,0
7539,0
7540,0
7541,0
7542,0
7543,1
7544,0
7545,0
7546,0
7547,0
7548,0
7549,0
7550,0
7551,0
7552,0
7553,1
7554,0
7555,0
7556,0
7557,0
7558,0
7559,0
7560,0
7561,0
7562,0
7563,0
7564,0
7565,0
7566,0
7567,0
7568,0
7569,0
7570,0
7571,0
7572,0
7573,0
7574,0
7575,0
7576,1
7577,0
7578,0
7579,0
7580,2
7581,0
7582,1
7583,0
7584,0
7585,0
7586,1
7587,0
7588,0
7589,0
7590,0
7591,0
7592,0
7593,0
7594,0
7595,0
7596,0
7597,0
7598,0
7599,0
7600,2
7601,0
7602,0
7603,0
7604,0
7605,0
7606,0
7607,0
7608,0
7609,3
7610,1
7611,0
7612,0
7613,8
7614,8
7615,8
7616,1
7617,1
7618,1
7619,0
7620,2
7621,0
7622,1
7623,0
7624,0
7625,0
7626,0
7627,0
7628,0
7629,0
7630,3
7631,2
7632,0
7633,0
7634,0
7635,0
7636,0
7637,0
7638,1
7639,0
7640,0
7641,0
7642,0
7643,0
7644,7
7646,6
7647,1
7648,1
7649,0
7650,0
7651,1
7652,0
7653,1
7654,1
7655,0
7656,1
7657,0
7658,0
7659,0
7660,0
7661,0
7664,1
7665,0
7666,5
7667,5
7668,0
7669,0
7670,0
7671,0
7672,0
7673,0
7674,1
7675,0
7676,0
7677,0
7678,0
7679,0
7680,0
7681,0
7682,0
7683,0
7684,0
7685,1
7686,0
7687,0
7688,2
7689,0
7690,0
7691,0
7692,0
7693,0
7694,0
7695,0
7696,0
7697,0
7698,0
7699,0
7700,0
7701,0
7702,0
7703,1
7704,0
7705,0
7706,0
7707,1
7708,0
7709,1
7710,0
7711,1
7712,0
7713,1
7714,0
7715,0
7716,1
7717,0
7718,0
7719,4
7720,0
7721,2
7722,1
7723,0
7724,0
7725,0
7726,0
7727,0
7728,1
7729,0
7730,0
7731,0
7732,0
7733,0
7734,1
7735,0
7736,0
7737,0
7738,0
7739,0
7740,0
7741,0
7742,0
7743,0
7744,0
7745,0
7746,1
7747,0
7748,1
7749,1
7750,0
7751,3
7752,0
7753,1
7754,1
7755,0
7756,0
7757,0
7758,1
7759,1
7760,0
7761,3
7762,0
7763,1
7764,0
7765,0
7766,1
7767,1
7768,5
7769,17
7770,0
7771,0
7772,1
7773,0
7774,0
7775,0
7776,0
7777,0
7778,0
7779,0
7780,0
7781,0
7782,0
7783,0
7784,0
7787,1
7788,1
7789,0
7790,0
7791,3
7792,3
7793,0
7794,1
7795,0
7796,0
7797,0
7798,1
7799,2
7800,0
7801,8
7802,0
7803,2
7804,1
7805,1
7807,1
7808,0
7809,2
7810,1
7811,0
7812,0
7813,8
7814,0
7815,0
7816,0
7817,1
7818,4
7819,0
7820,0
7821,1
7822,1
7823,6
7824,0
7825,0
7826,1
7827,0
7828,1
7829,0
7831,1
7832,1
7833,0
7834,0
7835,0
7836,0
7837,0
7838,0
7839,1
7840,0
7841,0
7842,0
7843,0
7844,1
7845,0
7846,0
7847,0
7848,1
7849,1
7850,1
7851,0
7852,1
7853,1
7854,1
7855,0
7856,0
7857,5
7858,1
7859,1
7860,3
7861,0
7862,2
7863,0
7864,1
7865,1
7866,1
7867,0
7868,1
7869,1
7870,0
7871,1
7872,1
7873,0
7874,0
7875,0
7876,2
7877,1
7878,3
7879,0
7880,0
7881,0
7882,0
7883,1
7884,0
7885,0
7886,1
7887,6
7888,2
7889,0
7890,1
7891,0
7892,0
7893,1
7895,1
7896,0
7897,0
7898,0
7899,0
7900,0
7901,1
7902,0
7903,0
7904,5
7905,0
7906,0
7907,1
7908,0
7909,0
7910,0
7911,0
7912,0
7913,1
7914,0
7915,0
7916,1
7917,1
7918,0
7919,0
7920,0
7921,0
7922,0
7923,0
7924,0
7925,0
7926,0
7927,0
7928,0
7929,0
7930,0
7931,0
7932,1
7933,1
7934,1
7935,0
7936,0
7937,1
7938,1
7939,0
7940,0
7941,0
7942,1
7943,1
7944,4
7945,4
7946,0
7947,0
7948,1
7949,0
7950,0
7951,0
7952,0
7953,0
7954,0
7955,0
7956,0
7957,1
7958,0
7959,0
7960,0
7961,1
7962,4
7963,0
7964,1
7965,0
7966,1
7967,0
7968,0
7969,0
7970,9
7971,1
7972,1
7973,0
7974,2
7975,2
7976,2
7977,2
7978,0
7979,0
7980,0
7981,1
7982,0
7983,0
7984,1
7985,0
7986,0
7987,1
7988,0
7989,0
7990,0
7991,1
7992,6
7993,7
7994,0
7995,2
7996,1
7997,0
7998,0
7999,0
8000,0
8001,0
8002,0
8003,0
8004,0
8005,0
8006,0
8007,0
8008,1
8009,0
8010,0
8011,1
8012,1
8013,0
8014,0
8015,0
8016,0
8017,0
8018,0
8019,0
8020,0
8021,3
8022,7
8023,0
8024,0
8025,0
8026,0
8027,0
8029,1
8030,0
8031,0
8032,0
8033,0
8034,1
8035,1
8036,1
8037,0
8038,1
8039,1
8040,1
8041,1
8042,1
8043,1
8044,1
8045,0
8046,0
8047,0
8048,0
8049,0
8050,0
8051,0
8052,3
8053,0
8054,1
8055,2
8056,0
8057,3
8058,0
8059,1
8060,0
8061,0
8062,7
8063,0
8064,5
8065,1
8066,2
8067,2
8068,0
8069,0
8070,0
8071,0
8072,0
8073,2
8074,2
8075,0
8076,0
8077,0
8078,0
8079,3
8080,0
8081,0
8082,0
8083,0
8084,0
8085,0
8086,0
8087,1
8088,0
8089,0
8091,0
8092,0
8093,0
8094,0
8095,0
8096,0
8097,3
8098,0
8099,0
8100,0
8101,1
8102,0
8103,0
8104,0
8105,0
8106,0
8107,0
8108,1
8109,0
8110,0
8111,0
8112,2
8113,0
8115,0
8116,0
8117,0
8118,0
8119,0
8120,0
8121,0
8122,0
8123,0
8124,0
8125,0
8126,1
8127,0
8128,0
8129,1
8130,1
8132,0
8133,2
8134,0
8135,0
8136,5
8137,4
8138,0
8139,0
8140,0
8141,2
8142,3
8143,2
8144,7
8145,0
8146,1
8147,0
8148,0
8149,0
8151,2
8152,1
8153,0
8154,2
8155,1
8158,2
8159,0
8160,0
8161,0
8162,0
8163,0
8164,1
8165,0
8166,2
8167,0
8168,0
8169,0
8170,1
8171,1
8172,2
8173,0
8174,1
8175,1
8176,0
8177,1
8178,0
8179,0
8180,0
8181,1
8182,0
8183,0
8184,0
8185,1
8186,0
8187,0
8189,0
8190,0
8191,0
8192,0
8193,3
8194,0
8195,5
8196,0
8197,0
8198,6
8199,0
8200,1
8201,1
8202,0
8203,0
8204,0
8205,0
8206,0
8207,0
8208,0
8209,0
8210,0
8211,0
8212,0
8213,0
8214,0
8215,0
8216,0
8217,0
8218,1
8219,1
8220,1
8222,0
8223,1
8224,0
8225,0
8226,0
8227,1
8228,2
8229,0
8230,0
8231,1
8232,0
8233,0
8234,1
8235,0
8236,0
8237,0
8238,0
8239,0
8240,0
8241,1
8242,0
8243,0
8244,1
8245,0
8246,5
8248,0
8249,0
8250,0
8251,1
8252,0
8253,0
8254,1
8255,0
8256,0
8257,0
8258,0
8259,1
8260,2
8261,0
8262,0
8263,2
8264,0
8265,0
8266,0
8267,0
8268,0
8269,0
8270,0
8271,1
8272,1
8273,0
8274,0
8275,0
8276,0
8277,0
8278,0
8279,0
8281,1
8282,2
8283,2
8284,1
8285,0
8286,0
8287,0
8288,0
8289,10
8290,0
8293,1
8294,0
8296,1
8297,1
8298,2
8299,1
8300,1
8301,0
8302,0
8303,0
8304,0
8305,0
8306,0
8307,1
8308,2
8309,2
8310,0
8311,0
8312,0
8313,0
8314,0
8315,0
8316,0
8318,0
8319,0
8320,0
8321,0
8322,0
8323,0
8324,0
8325,0
8326,0
8327,0
8328,1
8329,0
8330,0
8331,1
8332,0
8333,1
8334,0
8335,0
8336,7
8337,0
8338,0
8339,1
8340,0
8341,0
8342,0
8343,7
8344,1
8345,2
8346,0
8347,0
8348,2
8349,0
8350,0
8351,0
8352,0
8353,0
8354,1
8355,1
8356,0
8357,1
8358,0
8359,1
8360,16
8361,2
8362,0
8363,1
8364,0
8365,0
8366,0
8367,0
8369,1
8370,0
8371,0
8372,0
8373,0
8374,0
8375,0
8376,0
8377,1
8378,0
8379,0
8380,0
8381,0
8382,0
8383,0
8384,0
8385,0
8386,0
8387,0
8388,0
8389,0
8390,2
8391,4
8392,0
8393,0
8394,1
8395,0
8396,0
8397,0
8398,0
8399,0
8400,0
8402,0
8403,0
8405,0
8406,0
8407,0
8408,1
8409,0
8411,0
8412,3
8413,0
8414,0
8415,0
8416,0
8417,0
8418,0
8419,0
8420,2
8421,0
8422,0
8423,0
8424,0
8425,0
8426,0
8427,1
8428,0
8429,0
8430,0
8431,0
8432,3
8433,0
8434,0
8435,0
8436,0
8437,0
8438,0
8439,0
8440,0
8441,0
8442,0
8443,0
8444,0
8445,0
8446,0
8447,0
8448,0
8449,2
8450,0
8451,0
8452,0
8453,0
8454,0
8455,0
8456,0
8457,0
8458,0
8459,0
8460,0
8461,0
8462,0
8463,0
8464,0
8465,0
8466,0
8467,0
8468,0
8469,0
8470,0
8471,0
8472,0
8473,0
8474,0
8475,0
8476,0
8477,1
8478,1
8479,0
8480,0
8482,7
8483,7
8484,0
8485,0
8486,0
8487,0
8488,2
8489,0
8490,0
8491,0
8492,0
8493,0
8494,0
8495,0
8496,0
8497,0
8498,0
8499,0
8500,0
8501,0
8502,1
8503,0
8504,0
8505,0
8506,0
8507,0
8508,0
8509,0
8510,0
8511,0
8512,0
8513,0
8514,0
8515,0
8516,0
8517,0
8518,0
8519,0
8520,0
8521,1
8522,1
8523,1
8524,2
8525,0
8526,0
8527,1
8528,0
8529,1
8530,0
8531,0
8532,0
8533,8
8534,1
8535,0
8536,1
8537,0
8538,0
8539,1
8540,0
8541,0
8542,1
8543,1
8544,1
8545,1
8546,1
8547,0
8548,0
8549,0
8550,0
8551,0
8552,0
8553,0
8554,1
8555,0
8556,3
8557,0
8558,0
8559,0
8560,0
8561,7
8562,6
8564,0
8565,0
8566,1
8567,1
8568,0
8569,0
8570,0
8571,0
8572,0
8573,0
8574,0
8575,0
8576,0
8577,0
8578,0
8579,0
8580,0
8581,0
8582,0
8583,1
8584,0
8585,0
8586,0
8587,1
8588,0
8589,0
8590,0
8591,2
8592,0
8593,7
8594,0
8595,0
8596,0
8597,0
8598,0
8599,0
8600,0
8601,0
8602,0
8603,1
8604,0
8605,0
8606,0
8607,0
8608,0
8609,0
8610,2
8611,0
8612,0
8613,1
8614,1
8615,0
8616,0
8617,0
8618,0
8619,1
8620,1
8621,1
8622,0
8623,0
8624,2
8625,0
8626,1
8627,1
8628,1
8629,0
8630,1
8631,0
8632,0
8633,3
8634,1
8635,0
8636,0
8637,1
8638,0
8639,0
8640,1
8641,2
8642,0
8643,0
8644,0
8645,0
8646,0
8647,0
8648,0
8649,0
8650,0
8651,1
8653,0
8654,1
8655,0
8656,0
8657,0
8658,1
8659,0
8660,0
8661,0
8662,2
8663,0
8666,4
8667,0
8668,0
8669,0
8670,0
8671,1
8672,0
8673,0
8674,0
8675,1
8676,0
8677,0
8678,1
8679,0
8680,0
8681,0
8682,4
8683,0
8684,0
8685,0
8686,1
8687,0
8688,2
8689,0
8690,0
8691,0
8692,0
8693,0
8694,0
8695,0
8696,1
8697,0
8698,0
8699,0
8700,1
8701,0
8702,1
8703,0
8704,0
8705,0
8706,0
8707,0
8708,0
8709,0
8710,0
8711,1
8712,1
8713,0
8714,0
8715,4
8716,0
8717,1
8718,1
8719,0
8720,0
8721,1
8722,0
8723,0
8724,1
8725,0
8726,1
8727,0
8728,0
8729,1
8730,1
8731,0
8732,1
8733,0
8734,3
8735,1
8736,1
8737,2
8738,3
8739,0
8740,1
8741,1
8742,0
8743,0
8744,0
8745,1
8746,0
8747,0
8749,10
8750,0
8751,1
8752,0
8754,0
8755,0
8756,0
8757,1
8759,2
8760,0
8761,0
8762,0
8763,0
8764,0
8765,0
8766,0
8767,1
8768,0
8769,0
8770,0
8771,0
8772,0
8773,1
8774,0
8775,1
8776,0
8777,2
8778,0
8779,0
8780,0
8781,0
8783,1
8784,1
8785,0
8786,0
8787,0
8788,0
8789,0
8790,0
8792,3
8793,0
8794,0
8795,0
8796,0
8798,0
8799,2
8800,1
8801,0
8804,0
8805,0
8806,0
8807,1
8808,0
8809,0
8810,0
8811,0
8812,0
8813,1
8814,1
8815,1
8816,0
8817,1
8818,1
8819,0
8820,0
8821,1
8822,0
8823,2
8824,2
8825,1
8826,0
8827,1
8828,3
8829,1
8830,0
8831,0
8832,0
8833,0
8834,1
8835,1
8836,0
8837,0
8838,0
8839,0
8840,0
8841,1
8842,0
8843,0
8844,0
8845,0
8847,0
8848,0
8849,1
8850,0
8851,0
8852,0
8853,0
8854,0
8855,1
8856,0
8857,1
8858,0
8859,2
8860,1
8861,0
8862,0
8863,2
8864,1
8865,0
8866,0
8867,0
8868,0
8869,0
8870,0
8871,0
8872,1
8873,0
8874,0
8875,0
8876,0
8877,1
8878,1
8879,0
8880,0
8881,0
8882,0
8883,0
8884,1
8885,1
8887,1
8888,1
8889,0
8890,0
8891,0
8892,0
8893,1
8894,0
8895,0
8897,0
8899,1
8900,0
8901,0
8902,0
8903,1
8904,0
8905,1
8906,0
8907,0
8908,0
8909,0
8911,0
8912,1
8913,1
8914,1
8915,0
8916,0
8917,0
8918,0
8919,3
8920,0
8921,0
8922,1
8923,0
8924,0
8925,7
8926,1
8927,0
8928,0
8929,0
8930,0
8931,0
8932,0
8933,0
8934,1
8935,0
8936,0
8937,0
8938,0
8939,2
8940,0
8941,0
8942,1
8943,0
8944,0
8945,1
8946,0
8947,0
8948,0
8949,1
8950,1
8951,0
8952,2
8953,0
8954,0
8955,0
8956,0
8957,2
8958,0
8959,0
8960,0
8961,1
8962,0
8963,0
8964,0
8965,0
8966,0
8967,1
8968,0
8969,0
8970,0
8971,0
8972,0
8973,0
8975,2
8976,2
8977,0
8978,0
8979,0
8980,0
8981,0
8982,0
8983,0
8984,0
8985,0
8986,11
8987,0
8988,1
8989,0
8990,1
8991,0
8992,0
8993,0
8994,1
8995,0
8996,1
8997,1
8998,1
8999,0
9000,0
9001,0
9002,22
9003,0
9004,0
9005,2
9006,0
9007,1
9008,0
9009,0
9010,0
9011,0
9012,3
9013,17
9014,0
9015,2
9016,0
9017,0
9018,1
9019,1
9021,0
9022,0
9023,0
9024,2
9025,0
9026,0
9027,0
9028,1
9029,0
9030,0
9032,0
9033,1
9034,0
9035,1
9036,0
9037,0
9038,0
9039,2
9040,0
9041,0
9043,1
9044,0
9045,0
9046,3
9047,1
9048,0
9049,0
9050,0
9051,0
9052,1
9053,0
9054,0
9055,0
9056,0
9057,0
9058,10
9059,23
9060,3
9061,5
9062,6
9063,0
9064,0
9065,0
9066,0
9067,1
9068,0
9069,0
9070,1
9071,0
9072,0
9074,0
9075,0
9076,0
9077,1
9078,0
9079,0
9080,0
9081,2
9082,0
9083,0
9084,0
9085,1
9086,0
9087,0
9088,1
9089,0
9090,1
9091,0
9092,0
9093,0
9094,0
9095,0
9096,1
9097,1
9098,0
9099,0
9100,0
9101,0
9102,0
9103,1
9104,0
9105,0
9106,0
9107,0
9108,0
9109,0
9110,0
9111,0
9112,0
9113,0
9114,0
9115,0
9116,0
9117,0
9118,0
9119,0
9120,0
9121,0
9122,1
9123,0
9124,1
9125,0
9126,0
9127,2
9129,0
9130,0
9131,0
9132,0
9133,0
9134,0
9135,0
9136,0
9137,0
9138,0
9139,0
9140,0
9141,0
9142,0
9143,0
9144,0
9145,0
9146,0
9147,0
9148,0
9149,0
9150,0
9151,0
9152,0
9153,0
9154,0
9155,0
9156,0
9157,0
9158,0
9159,0
9160,1
9161,0
9162,0
9163,0
9164,0
9165,0
9166,0
9167,0
9168,2
9169,0
9170,0
9171,0
9172,0
9173,1
9175,2
9176,1
9177,0
9178,0
9179,0
9180,0
9181,1
9182,3
9183,1
9184,0
9185,0
9186,0
9187,1
9188,0
9189,0
9190,0
9191,0
9192,0
9193,0
9194,0
9195,0
9196,1
9197,1
9198,2
9199,1
9200,0
9201,0
9202,1
9203,0
9204,1
9205,1
9206,0
9207,0
9208,0
9209,1
9210,1
9211,0
9212,0
9213,0
9214,0
9215,0
9216,2
9217,0
9218,0
9219,0
9220,1
9222,0
9223,0
9224,0
9225,0
9226,0
9228,0
9229,1
9230,2
9231,0
9232,0
9233,0
9234,0
9235,4
9236,0
9237,3
9238,0
9240,0
9241,0
9242,1
9243,0
9244,0
9245,0
9246,0
9247,0
9248,7
9249,0
9250,3
9251,5
9252,0
9253,0
9254,0
9255,0
9256,1
9257,1
9258,1
9259,0
9260,0
9261,0
9262,2
9263,0
9264,0
9265,0
9266,0
9267,0
9268,0
9269,0
9270,1
9271,3
9272,0
9273,1
9274,3
9275,0
9276,0
9277,0
9278,1
9279,0
9280,3
9281,2
9282,0
9283,0
9284,0
9285,0
9286,0
9287,0
9288,1
9289,0
9290,0
9291,3
9292,0
9293,0
9294,0
9295,0
9297,42
9298,1
9299,0
9300,0
9301,0
9302,5
9303,4
9304,0
9305,0
9306,0
9307,0
9308,0
9309,0
9310,1
9311,0
9312,0
9313,1
9314,1
9315,1
9316,1
9317,0
9318,0
9319,0
9320,0
9321,0
9322,0
9323,2
9324,1
9325,0
9326,0
9328,0
9329,0
9330,1
9331,1
9332,0
9333,2
9334,0
9335,0
9336,0
9337,2
9338,2
9339,0
9340,0
9341,0
9342,0
9343,9
9344,2
9345,0
9346,0
9347,0
9348,0
9349,0
9350,0
9351,1
9352,0
9353,0
9355,1
9356,0
9357,1
9358,0
9359,0
9360,0
9361,0
9362,0
9363,0
9364,0
9365,0
9366,0
9367,0
9368,2
9369,0
9370,2
9371,0
9372,0
9373,0
9374,1
9375,1
9376,5
9377,1
9379,0
9380,0
9381,0
9382,0
9383,1
9384,0
9385,0
9386,0
9387,0
9388,0
9389,0
9390,0
9391,1
9392,2
9393,0
9394,0
9395,0
9396,0
9397,4
9398,0
9399,1
9400,0
9401,0
9402,1
9403,1
9404,1
9405,0
9407,1
9408,0
9409,0
9410,0
9411,0
9412,0
9413,0
9414,0
9415,1
9416,0
9417,0
9418,0
9419,0
9420,0
9421,0
9422,0
9424,0
9425,0
9427,0
9428,0
9429,5
9431,0
9433,0
9434,0
9435,0
9436,0
9437,0
9438,20
9439,0
9440,0
9441,0
9442,0
9443,0
9444,1
9445,0
9446,2
9447,1
9448,1
9449,0
9450,0
9451,1
9452,0
9453,0
9454,0
9456,0
9457,0
9458,1
9461,0
9462,1
9463,3
9464,0
9465,1
9466,1
9467,0
9468,1
9469,1
9470,1
9471,0
9472,0
9473,0
9474,0
9475,0
9476,0
9477,0
9478,1
9479,1
9480,0
9481,0
9482,0
9483,0
9484,0
9485,0
9486,0
9487,0
9488,0
9489,0
9490,0
9491,2
9492,1
9493,0
9494,0
9495,0
9496,1
9497,1
9498,1
9499,0
9500,0
9501,0
9502,0
9503,0
9504,0
9505,0
9506,0
9507,0
9509,0
9510,0
9511,0
9512,0
9513,4
9514,0
9515,0
9516,2
9517,0
9518,0
9519,0
9520,0
9521,0
9522,1
9523,0
9524,0
9525,2
9526,0
9527,0
9528,0
9529,0
9530,0
9532,0
9533,0
9534,0
9535,0
9536,1
9537,0
9538,0
9539,0
9540,0
9541,0
9542,0
9543,0
9544,0
9545,2
9546,1
9547,0
9548,1
9549,0
9550,0
9551,0
9552,0
9553,0
9554,0
9555,0
9556,1
9557,9
9558,2
9559,0
9560,0
9561,0
9563,0
9564,0
9565,0
9566,0
9567,2
9568,0
9569,1
9570,0
9571,0
9572,0
9574,0
9575,0
9576,0
9577,0
9578,0
9579,0
9580,0
9581,0
9582,0
9583,1
9584,3
9585,2
9586,0
9589,1
9590,1
9591,0
9592,0
9593,0
9594,0
9595,0
9596,0
9597,0
9598,0
9599,0
9600,0
9601,1
9602,0
9603,0
9604,0
9605,0
9606,0
9607,0
9608,0
9609,0
9610,0
9611,0
9612,0
9613,1
9614,0
9615,0
9616,0
9617,0
9618,0
9619,1
9620,1
9621,0
9622,1
9623,1
9624,0
9625,0
9626,0
9627,0
9628,0
9629,0
9630,1
9631,2
9632,1
9633,0
9635,0
9636,0
9637,1
9638,1
9639,0
9640,0
9641,0
9642,2
9643,0
9644,1
9645,4
9646,0
9647,0
9649,1
9650,1
9651,1
9652,0
9653,0
9654,0
9655,0
9656,0
9657,0
9658,0
9659,0
9660,0
9661,0
9662,0
9663,0
9664,0
9665,0
9666,0
9667,0
9668,0
9669,0
9670,0
9671,0
9672,1
9673,3
9674,0
9675,0
9676,0
9677,1
9678,0
9679,0
9680,0
9681,0
9682,0
9683,0
9684,0
9685,1
9686,0
9687,0
9689,0
9690,0
9691,0
9693,0
9694,2
9695,0
9696,0
9697,0
9698,0
9699,1
9700,0
9701,0
9702,0
9703,0
9704,0
9706,0
9707,0
9708,0
9709,0
9710,2
9711,1
9712,0
9713,0
9714,0
9715,0
9716,0
9717,1
9718,0
9720,0
9721,0
9722,0
9723,0
9724,0
9725,0
9726,2
9727,1
9728,0
9729,0
9730,0
9731,1
9732,0
9733,0
9734,0
9735,0
9736,0
9737,0
9738,0
9739,0
9740,0
9741,0
9742,1
9743,0
9744,0
9745,4
9746,0
9747,0
9748,0
9749,0
9750,1
9751,2
9752,0
9753,0
9754,0
9755,0
9756,0
9757,0
9758,0
9759,0
9760,1
9762,0
9763,0
9764,0
9765,0
9766,0
9767,0
9768,0
9769,0
9770,0
9771,2
9772,0
9773,0
9774,0
9775,0
9776,0
9777,0
9778,0
9779,0
9780,1
9781,0
9782,0
9783,1
9784,0
9785,0
9786,0
9788,0
9790,1
9791,0
9792,1
9793,0
9794,1
9795,0
9796,0
9797,0
9798,2
9799,0
9800,1
9801,0
9802,0
9803,0
9804,0
9805,0
9806,0
9807,0
9808,1
9809,0
9810,1
9811,0
9812,0
9813,0
9814,2
9815,0
9816,0
9817,0
9818,0
9819,0
9820,0
9821,0
9822,1
9823,2
9824,0
9825,2
9826,0
9827,1
9828,0
9829,0
9830,0
9831,0
9832,0
9833,0
9834,0
9835,2
9836,2
9837,0
9838,0
9839,0
9840,0
9841,0
9842,0
9843,0
9844,0
9845,1
9846,0
9847,0
9848,0
9849,1
9850,0
9851,0
9852,0
9853,0
9854,0
9855,0
9856,0
9857,0
9858,0
9859,0
9861,0
9862,0
9863,1
9864,0
9865,1
9866,0
9867,0
9868,0
9869,0
9870,0
9871,0
9872,0
9873,0
9874,0
9875,0
9876,0
9877,1
9878,0
9879,0
9880,0
9881,1
9882,0
9883,0
9884,1
9885,0
9886,0
9887,0
9889,1
9890,1
9891,4
9892,0
9894,0
9895,0
9896,0
9897,0
9898,0
9899,0
9900,0
9901,0
9902,0
9903,0
9904,1
9905,0
9906,0
9907,0
9908,0
9909,0
9910,0
9911,0
9912,0
9913,5
9914,0
9915,1
9916,0
9917,0
9918,1
9919,0
9920,1
9921,1
9922,0
9923,1
9924,0
9925,0
9926,0
9927,1
9928,1
9929,0
9930,0
9931,0
9932,0
9933,0
9934,0
9935,0
9936,0
9937,0
9938,1
9939,0
9940,0
9941,0
9942,1
9943,1
9944,0
9945,0
9946,0
9947,1
9948,1
9949,0
9950,1
9951,0
9952,0
9953,0
9954,0
9955,0
9956,1
9957,0
9958,0
9959,1
9960,0
9961,0
9963,12
9964,0
9965,0
9966,0
9967,0
9969,0
9970,1
9971,1
9972,1
9973,0
9974,0
9975,0
9976,2
9977,0
9978,1
9979,0
9980,1
9981,1
9982,0
9983,0
9984,2
9985,0
9986,0
9987,0
9988,0
9989,0
9990,0
9991,0
9992,0
9993,0
9994,0
9996,0
9997,0
9998,0
9999,0
10000,0
10001,1
10002,1
10003,0
10004,0
10005,4
10006,0
10007,1
10008,0
10009,0
10010,0
10011,0
10012,0
10013,1
10014,0
10015,1
10016,0
10017,0
10018,0
10019,1
10020,0
10021,1
10022,0
10023,2
10025,0
10026,0
10027,0
10028,0
10029,0
10030,0
10031,0
10032,0
10033,0
10034,1
10035,0
10036,7
10037,1
10039,0
10040,0
10041,0
10042,1
10043,0
10044,0
10045,0
10047,0
10048,0
10049,0
10050,0
10051,0
10052,0
10053,0
10054,0
10055,1
10056,0
10057,0
10058,0
10059,1
10060,0
10061,0
10062,0
10063,0
10064,2
10065,0
10067,0
10068,0
10069,0
10070,0
10071,0
10072,0
10074,0
10075,0
10076,0
10077,1
10078,0
10079,1
10080,0
10081,0
10082,0
10083,0
10084,0
10085,0
10086,0
10087,1
10088,0
10089,4
10090,0
10091,0
10092,2
10093,0
10094,0
10095,0
10096,0
10098,0
10099,0
10100,1
10101,9
10102,0
10103,0
10104,0
10105,1
10106,0
10108,0
10109,0
10110,0
10111,0
10112,0
10113,0
10114,0
10115,0
10116,0
10117,0
10118,0
10119,0
10120,0
10121,0
10122,1
10123,0
10124,1
10125,1
10126,0
10129,0
10130,1
10131,0
10132,4
10133,0
10134,1
10135,3
10136,1
10137,0
10138,1
10139,1
10140,0
10141,0
10143,1
10144,0
10145,0
10146,2
10147,1
10148,1
10149,0
10150,0
10151,0
10152,2
10153,0
10154,1
10155,0
10156,0
10157,0
10158,0
10159,0
10160,0
10161,0
10162,0
10163,2
10164,0
10165,1
10166,0
10167,0
10168,0
10169,0
10170,1
10171,1
10172,1
10173,0
10174,0
10175,0
10176,0
10177,0
10178,0
10179,1
10180,0
10181,0
10182,1
10183,0
10184,1
10185,1
10186,1
10187,0
10188,0
10189,0
10190,1
10191,1
10192,0
10193,1
10194,0
10195,0
10196,0
10197,0
10198,0
10199,0
10200,0
10201,0
10202,0
10203,7
10204,0
10205,1
10206,0
10208,0
10209,0
10210,0
10211,0
10212,0
10213,0
10214,0
10215,2
10216,0
10217,0
10218,0
10219,0
10220,0
10221,0
10222,2
10223,0
10224,0
10225,3
10226,0
10227,0
10228,0
10229,0
10230,1
10231,1
10232,0
10233,0
10235,1
10236,1
10237,0
10238,0
10239,0
10240,1
10241,0
10242,0
10243,0
10244,1
10245,1
10246,0
10247,0
10248,0
10249,0
10250,0
10251,0
10252,1
10253,0
10254,0
10255,0
10256,1
10257,1
10258,1
10259,1
10260,0
10261,0
10262,1
10263,3
10264,0
10265,0
10266,1
10267,1
10268,0
10269,0
10270,0
10271,0
10272,1
10273,0
10274,0
10275,0
10276,0
10277,0
10278,1
10279,0
10280,0
10281,0
10282,1
10283,0
10284,1
10285,0
10286,0
10287,0
10288,1
10289,1
10290,0
10292,0
10293,0
10294,0
10295,0
10296,0
10297,1
10298,0
10299,0
10300,2
10301,0
10302,0
10303,2
10304,0
10305,0
10306,0
10307,0
10309,0
10310,0
10311,0
10312,1
10313,0
10314,0
10315,0
10316,0
10317,0
10318,0
10319,0
10320,0
10321,0
10322,1
10323,0
10324,0
10325,0
10326,0
10327,1
10328,0
10329,0
10330,1
10331,1
10332,1
10333,0
10334,0
10335,0
10336,0
10337,0
10338,0
10339,1
10340,0
10341,1
10342,0
10343,0
10344,1
10345,0
10346,0
10347,0
10348,0
10349,0
10350,0
10352,0
10353,0
10354,0
10355,0
10356,0
10357,0
10358,0
10359,6
10360,0
10361,0
10362,2
10363,1
10364,3
10365,0
10366,0
10367,0
10368,0
10369,1
10370,1
10371,2
10372,1
10373,0
10374,0
10375,0
10376,0
10377,1
10378,0
10379,1
10380,1
10381,2
10382,0
10383,0
10384,0
10385,0
10386,0
10387,0
10388,1
10389,1
10390,0
10391,1
10392,0
10393,1
10394,0
10395,3
10396,0
10397,2
10398,0
10399,0
10400,1
10401,0
10402,0
10403,0
10404,0
10405,0
10406,0
10407,0
10408,0
10409,1
10410,0
10411,0
10412,0
10413,0
10414,1
10415,0
10416,0
10417,0
10418,0
10419,1
10420,0
10421,2
10422,1
10423,0
10424,0
10425,0
10426,0
10427,0
10428,1
10429,0
10430,0
10431,1
10432,1
10433,0
10434,0
10435,0
10436,0
10437,0
10438,0
10439,0
10440,0
10441,1
10442,0
10443,1
10444,2
10445,0
10446,0
10447,0
10448,0
10449,0
10450,0
10451,1
10452,0
10453,0
10454,0
10455,0
10456,0
10457,10
10458,0
10459,0
10460,0
10461,1
10462,0
10463,0
10464,0
10465,0
10466,3
10467,6
10468,0
10469,0
10470,0
10471,0
10472,0
10473,0
10474,0
10475,0
10476,0
10477,2
10478,0
10479,0
10480,1
10481,1
10482,0
10483,0
10484,0
10485,1
10486,0
10487,1
10488,0
10489,0
10490,4
10491,0
10492,0
10493,0
10494,0
10495,0
10496,0
10497,0
10498,0
10499,0
10500,0
10501,1
10502,1
10503,0
10504,0
10505,0
10506,0
10507,0
10508,0
10509,0
10510,16
10511,0
10512,0
10513,0
10514,0
10515,0
10516,2
10517,1
10518,0
10519,0
10520,0
10521,0
10522,1
10523,0
10524,2
10525,0
10526,0
10527,1
10528,0
10529,0
10530,0
10531,2
10532,0
10533,0
10534,0
10535,0
10536,0
10537,0
10538,0
10539,0
10540,0
10541,0
10542,0
10543,1
10544,0
10545,15
10546,0
10547,0
10548,0
10549,1
10550,0
10551,0
10552,0
10553,0
10554,0
10555,0
10556,0
10557,0
10558,0
10559,0
10560,0
10561,0
10562,0
10563,0
10564,0
10565,0
10566,0
10567,0
10568,0
10569,0
10570,4
10571,0
10572,0
10573,0
10574,1
10575,0
10576,0
10577,1
10578,0
10579,0
10580,0
10581,0
10582,0
10583,0
10584,3
10585,0
10586,0
10587,2
10588,0
10589,0
10590,0
10591,0
10592,0
10593,0
10594,0
10595,0
10596,0
10597,0
10598,1
10599,0
10600,0
10601,0
10602,0
10603,0
10604,0
10605,0
10606,0
10607,1
10608,0
10609,5
10610,0
10611,0
10612,0
10613,1
10615,3
10616,1
10617,0
10618,0
10619,0
10620,0
10621,0
10622,0
10623,0
10624,0
10625,0
10626,0
10627,0
10628,0
10629,1
10630,1
10631,1
10632,1
10633,0
10634,0
10635,0
10636,0
10637,1
10638,0
10639,0
10640,0
10641,0
10642,1
10643,0
10644,0
10645,0
10646,0
10647,0
10648,1
10649,1
10650,0
10651,0
10652,2
10653,0
10654,0
10655,0
10656,0
10657,0
10658,0
10659,0
10660,0
10661,0
10662,0
10663,5
10664,1
10665,0
10666,0
10667,0
10668,0
10669,1
10670,0
10671,0
10672,0
10673,0
10674,1
10675,0
10676,0
10677,1
10678,24
10679,0
10680,0
10681,0
10682,0
10683,0
10684,0
10685,0
10686,1
10688,1
10689,1
10693,0
10695,0
10696,0
10697,0
10698,0
10699,1
10700,0
10701,3
10702,0
10703,0
10704,0
10705,2
10706,1
10707,3
10708,0
10709,0
10710,0
10711,0
10712,0
10713,0
10714,0
10715,0
10716,1
10717,3
10718,0
10719,3
10720,1
10721,0
10722,0
10723,1
10724,1
10725,0
10726,0
10728,0
10729,0
10730,3
10731,0
10732,0
10733,0
10735,1
10736,0
10737,0
10738,0
10739,2
10741,0
10742,0
10743,0
10744,0
10745,1
10746,1
10747,0
10748,0
10749,1
10750,0
10751,0
10752,1
10753,0
10754,0
10755,0
10756,0
10757,0
10758,0
10759,0
10760,1
10761,0
10762,0
10763,1
10764,0
10765,0
10766,0
10767,0
10768,0
10769,0
10770,0
10771,0
10772,0
10773,1
10774,1
10775,0
10776,0
10777,0
10778,0
10779,0
10780,0
10781,0
10782,0
10783,1
10784,0
10785,0
10786,0
10787,0
10788,0
10789,1
10790,0
10791,2
10792,0
10793,0
10794,0
10795,0
10796,2
10797,0
10798,0
10799,0
10800,0
10801,0
10802,1
10803,0
10804,0
10805,1
10806,0
10807,0
10808,0
10809,1
10811,2
10812,1
10813,0
10814,0
10815,0
10816,0
10817,0
10818,0
10819,0
10820,0
10822,0
10823,0
10824,1
10825,0
10826,0
10828,0
10829,0
10831,0
10832,0
10833,1
10834,1
10835,0
10836,1
10837,0
10838,1
10839,0
10840,0
10841,1
10842,0
10843,1
10844,1
10845,0
10846,0
10848,1
10849,0
10850,1
10851,1
10852,0
10853,0
10854,1
10855,0
10856,0
10857,0
10858,0
10859,0
10860,0
10861,0
10862,0
10863,3
10864,1
10865,0
10866,0
10867,0
10868,0
10870,0
10871,1
10872,0
10873,3
10874,0
10875,0
10876,0
10877,2
10878,0
10879,0
10880,1
10881,0
10882,0
10883,0
10884,0
10885,0
10886,0
10887,0
10888,10
10889,3
10890,1
10891,0
10892,0
10893,0
10894,0
10895,0
10896,0
10897,0
10898,0
10899,0
10900,2
10901,0
10902,1
10903,0
10904,2
10905,0
10906,0
10907,0
10908,1
10909,0
10910,0
10911,1
10912,0
10913,0
10914,0
10915,0
10916,0
10917,0
10918,0
10919,0
10920,0
10921,0
10922,0
10923,0
10924,1
10925,1
10926,1
10927,0
10928,0
10929,1
10930,0
10931,1
10932,3
10933,1
10934,0
10935,0
10936,1
10937,0
10938,0
10939,0
10940,3
10941,0
10942,0
10943,0
10944,0
10945,0
10946,0
10948,1
10949,0
10950,0
10951,0
10952,0
10953,1
10954,0
10955,0
10956,0
10957,0
10958,0
10959,1
10960,1
10961,0
10962,0
10963,0
10964,0
10965,0
10966,0
10967,2
10968,0
10969,0
10970,0
10971,0
10972,2
10973,1
10974,0
10975,0
10976,1
10977,0